pred,true
0,0
1,1
2,1
1,1
1,1
28,1
1,1
1,1
1,1
22,1
1,1
1,1
1,1
1,1
1,1
1,1
1,1
1,1
31,1
1,1
1,1
1,1
1,1
1,1
1,1
1,1
1,1
1,1
1,1
1,1
1,1
1,1
1,1
1,1
1,1
16,1
1,1
1,1
1,1
1,1
1,1
1,1
1,1
8,1
1,1
1,1
1,1
1,1
1,1
1,1
1,1
31,1
1,1
1,1
1,1
22,1
1,1
1,1
1,1
1,1
1,1
1,1
1,1
1,1
31,1
1,1
1,1
10,1
1,1
1,1
1,1
16,1
1,1
10,1
31,1
2,1
1,1
1,1
22,1
1,1
1,1
1,1
1,1
1,1
1,1
1,1
22,1
1,1
31,1
31,1
1,1
1,1
1,1
1,1
1,1
1,1
1,1
1,1
31,1
1,1
1,1
1,1
1,1
1,1
33,1
1,1
1,1
1,1
1,1
1,1
1,1
1,1
1,1
1,1
1,1
1,1
1,1
1,1
1,1
1,1
1,1
1,1
1,1
1,1
1,1
1,1
1,1
1,1
1,1
1,1
1,1
1,1
1,1
1,1
1,1
1,1
1,1
31,1
1,1
1,1
1,1
1,1
1,1
1,1
1,1
1,1
1,1
1,1
1,1
1,1
35,1
1,1
1,1
1,1
1,1
1,1
1,1
1,1
1,1
1,1
1,1
31,1
1,1
1,1
1,1
1,1
1,1
3,2
2,2
2,2
2,2
11,2
2,2
2,2
4,2
31,2
6,2
2,2
5,2
2,2
6,2
32,2
2,2
20,2
16,2
2,2
21,2
3,2
6,2
3,2
2,2
2,2
18,2
2,2
2,2
2,2
12,2
18,2
2,2
2,2
2,2
22,2
12,2
7,2
2,2
12,2
2,2
2,2
2,2
2,2
31,2
4,2
18,2
21,2
21,2
18,2
2,2
2,2
2,2
2,2
2,2
6,2
7,2
20,2
31,2
2,2
6,2
7,2
2,2
20,2
2,2
2,2
2,2
12,2
8,2
18,2
6,2
6,2
2,2
2,2
23,2
3,2
2,2
31,2
7,2
2,2
2,2
2,2
2,2
2,2
2,2
8,2
2,2
5,2
3,2
2,2
20,2
21,2
5,2
2,2
2,2
2,2
12,2
2,2
2,2
12,2
6,2
2,2
2,2
30,2
19,2
2,2
2,2
2,2
2,2
3,2
2,2
21,2
8,2
2,2
18,2
2,2
2,2
2,2
7,2
3,2
2,2
31,2
3,2
2,2
2,2
2,2
2,2
2,2
7,2
2,2
13,2
3,2
2,2
32,2
2,2
29,2
2,2
2,2
2,2
2,2
8,2
3,2
20,2
2,2
20,2
3,2
17,2
2,2
2,2
2,2
2,2
2,2
2,2
2,2
8,2
23,2
5,2
2,2
12,2
2,2
3,2
2,2
2,2
2,2
2,2
2,2
6,2
12,2
2,2
2,2
2,2
2,2
7,2
2,2
2,2
7,2
2,2
2,2
2,2
2,2
2,2
2,2
1,2
8,2
2,2
18,2
2,2
17,2
21,2
16,2
2,2
2,2
6,2
2,2
2,2
21,2
2,2
2,2
31,2
2,2
7,2
2,2
22,3
3,3
3,3
3,3
3,3
3,3
3,3
3,3
18,3
3,3
3,3
3,3
21,3
3,3
31,3
3,3
3,3
3,3
34,3
2,3
3,3
2,3
3,3
3,3
3,3
3,3
3,3
3,3
22,3
3,3
3,3
3,3
3,3
3,3
3,3
3,3
6,3
12,3
3,3
3,3
2,3
12,3
2,3
2,3
3,3
3,3
3,3
3,3
34,3
21,3
12,3
33,3
11,3
5,3
23,3
3,3
3,3
3,3
1,3
3,3
3,3
3,3
3,3
3,3
2,3
3,3
3,3
3,3
3,3
3,3
3,3
3,3
15,3
3,3
3,3
2,3
3,3
3,3
3,3
3,3
19,3
21,3
3,3
3,3
6,3
3,3
3,3
12,3
12,3
4,3
6,3
3,3
3,3
2,3
3,3
3,3
31,3
23,3
8,3
3,3
3,3
3,3
3,3
3,3
3,3
12,3
2,3
3,3
3,3
3,3
12,3
23,3
3,3
3,3
33,3
3,3
2,3
20,3
3,3
12,3
3,3
3,3
3,3
3,3
3,3
3,3
3,3
20,3
3,3
3,3
3,3
3,3
3,3
2,3
3,3
8,3
3,3
16,3
3,3
3,3
6,3
3,3
3,3
3,3
3,3
3,3
19,3
3,3
23,3
19,3
3,3
21,3
3,3
16,3
12,3
18,3
3,3
3,3
3,3
23,3
2,3
2,3
3,3
3,3
3,3
12,3
3,3
3,3
3,3
3,3
12,3
3,3
3,3
3,3
3,3
3,3
3,3
3,3
2,3
12,3
11,3
3,3
3,3
3,3
3,3
12,3
7,3
3,3
3,3
15,3
2,3
3,3
3,3
3,3
3,3
11,3
2,3
3,3
3,3
3,3
3,3
8,3
15,3
3,3
3,3
11,3
18,3
4,4
7,4
4,4
31,4
7,4
4,4
5,4
4,4
31,4
4,4
23,4
4,4
20,4
4,4
27,4
8,4
4,4
4,4
4,4
4,4
6,4
11,4
29,4
4,4
4,4
4,4
28,4
4,4
4,4
5,4
4,4
7,4
4,4
4,4
4,4
4,4
4,4
4,4
4,4
4,4
19,4
4,4
4,4
7,4
4,4
4,4
4,4
26,4
4,4
4,4
4,4
4,4
12,4
4,4
27,4
4,4
27,4
16,4
4,4
16,4
4,4
20,4
4,4
4,4
4,4
20,4
31,4
4,4
16,4
13,4
23,4
4,4
4,4
4,4
25,4
8,4
4,4
4,4
5,4
13,4
4,4
31,4
4,4
4,4
4,4
4,4
4,4
4,4
4,4
4,4
4,4
4,4
4,4
4,4
4,4
4,4
4,4
4,4
4,4
11,4
4,4
4,4
26,4
20,4
4,4
4,4
4,4
4,4
13,4
4,4
30,4
19,4
31,4
4,4
4,4
12,4
4,4
31,4
5,4
27,4
4,4
4,4
4,4
30,4
4,4
7,4
4,4
4,4
4,4
4,4
4,4
4,4
4,4
4,4
4,4
4,4
30,4
4,4
4,4
4,4
4,4
3,4
4,4
4,4
12,4
4,4
8,4
4,4
29,4
31,4
4,4
4,4
4,4
4,4
29,4
4,4
4,4
4,4
3,4
4,4
4,4
30,4
4,4
4,4
4,4
4,4
30,4
4,4
4,4
4,4
2,4
4,4
4,4
4,4
4,4
4,4
4,4
4,4
4,4
4,4
4,4
4,4
7,4
4,4
23,4
4,4
4,4
4,4
4,4
6,4
13,4
7,4
4,4
4,4
12,4
4,4
4,4
4,4
4,4
4,4
4,4
4,4
4,4
21,5
5,5
5,5
6,5
5,5
6,5
33,5
11,5
21,5
5,5
2,5
5,5
31,5
31,5
2,5
16,5
31,5
3,5
12,5
5,5
5,5
5,5
5,5
6,5
5,5
6,5
3,5
5,5
2,5
5,5
1,5
5,5
5,5
5,5
5,5
5,5
5,5
19,5
5,5
5,5
5,5
2,5
5,5
5,5
5,5
5,5
12,5
4,5
12,5
5,5
5,5
5,5
5,5
12,5
5,5
6,5
33,5
5,5
5,5
2,5
30,5
5,5
5,5
5,5
5,5
5,5
19,5
6,5
5,5
2,5
5,5
5,5
2,5
5,5
5,5
12,5
30,5
31,5
5,5
12,5
11,5
4,5
30,5
5,5
5,5
5,5
5,5
5,5
5,5
5,5
27,5
5,5
5,5
12,5
5,5
5,5
5,5
11,5
6,5
5,5
5,5
19,5
5,5
5,5
19,5
5,5
11,5
6,5
5,5
5,5
31,5
5,5
6,5
12,5
6,5
33,5
8,5
6,5
17,5
31,5
5,5
5,5
12,5
5,5
2,5
17,5
12,5
5,5
5,5
23,5
5,5
22,5
6,5
6,5
5,5
5,5
5,5
21,5
5,5
5,5
17,5
32,5
6,5
5,5
12,5
5,5
11,5
2,5
5,5
5,5
5,5
19,5
5,5
5,5
12,5
5,5
13,5
33,5
5,5
21,5
5,5
6,5
19,5
5,5
5,5
5,5
19,5
30,5
5,5
6,5
6,5
5,5
5,5
5,5
33,5
12,5
6,5
5,5
2,5
5,5
5,5
5,5
6,5
6,5
20,5
22,5
6,5
5,5
6,5
5,5
5,5
5,5
5,5
5,5
5,5
5,5
3,5
5,5
5,5
12,5
5,5
5,5
5,5
5,5
5,5
5,5
30,5
3,5
5,5
5,5
5,5
4,5
5,5
7,6
19,6
28,6
12,6
6,6
33,6
6,6
6,6
6,6
9,6
6,6
6,6
6,6
12,6
6,6
28,6
12,6
21,6
22,6
18,6
6,6
19,6
6,6
18,6
6,6
18,6
6,6
33,6
6,6
6,6
6,6
6,6
3,6
6,6
21,6
19,6
5,6
5,6
21,6
21,6
19,6
33,6
21,6
8,6
22,6
6,6
6,6
30,6
28,6
6,6
6,6
6,6
6,6
15,6
12,6
21,6
3,6
6,6
12,6
24,6
6,6
6,6
6,6
6,6
6,6
6,6
6,6
6,6
12,6
6,6
6,6
30,6
31,6
6,6
12,6
21,6
6,6
6,6
6,6
6,6
6,6
12,6
6,6
6,6
6,6
6,6
12,6
4,6
28,6
6,6
6,6
6,6
2,6
6,6
12,6
3,6
11,6
6,6
6,6
12,6
21,6
6,6
6,6
6,6
6,6
6,6
18,6
6,6
24,6
6,6
5,6
6,6
12,6
30,6
6,6
16,6
6,6
6,6
21,6
6,6
12,6
28,6
18,6
6,6
6,6
7,6
18,6
34,6
26,6
6,6
30,6
6,6
6,6
6,6
6,6
6,6
6,6
5,6
21,6
6,6
15,6
6,6
6,6
18,6
12,6
6,6
6,6
6,6
6,6
12,6
6,6
6,6
6,6
6,6
5,6
5,6
6,6
6,6
6,6
6,6
20,6
6,6
6,6
6,6
6,6
6,6
2,6
6,6
21,6
5,6
6,6
19,6
6,6
6,6
6,6
6,6
6,6
6,6
6,6
6,6
24,6
6,6
6,6
6,6
12,6
12,6
6,6
32,6
6,6
33,6
6,6
6,6
6,6
19,6
6,6
6,6
6,6
5,6
3,6
33,6
18,6
21,6
4,6
6,6
6,6
6,6
12,6
6,6
2,6
6,6
6,6
6,6
21,6
6,6
6,6
6,6
6,6
5,6
6,6
6,6
6,6
6,6
17,6
6,6
4,6
6,6
6,6
6,6
6,6
19,6
6,6
12,6
6,6
5,6
6,6
1,6
6,6
6,6
6,6
12,6
12,6
6,6
6,6
6,6
6,6
18,6
6,6
12,6
18,6
12,6
6,6
12,6
6,6
6,6
12,6
21,6
6,6
6,6
6,6
6,6
6,6
6,6
6,6
6,6
6,6
6,6
6,6
8,6
30,6
6,6
6,6
6,6
6,6
6,6
6,6
6,6
18,6
22,6
6,6
9,6
12,6
6,6
6,6
6,6
12,6
6,6
22,6
35,6
6,6
6,6
6,6
6,6
6,6
6,6
6,6
6,6
6,6
22,6
19,6
6,6
6,6
6,6
30,6
6,6
6,6
6,6
5,6
6,6
5,6
6,6
6,6
6,6
21,6
6,6
6,6
6,6
6,6
18,6
21,6
9,6
6,6
6,6
6,6
6,6
6,6
6,6
6,6
6,6
6,6
6,6
8,6
6,6
6,6
6,6
12,6
6,6
6,6
6,6
21,6
6,6
6,6
6,6
8,6
2,6
6,6
12,6
6,6
6,6
22,6
5,6
6,6
6,6
6,6
18,6
6,6
6,6
12,6
6,6
6,6
6,6
6,6
6,6
6,6
6,6
6,6
6,6
6,6
6,6
6,6
6,6
6,6
5,6
6,6
6,6
6,6
6,6
21,6
6,6
6,6
6,6
6,6
34,6
10,6
6,6
19,6
6,6
33,6
6,6
6,6
8,6
6,6
8,7
7,7
7,7
7,7
7,7
7,7
7,7
7,7
7,7
7,7
7,7
7,7
2,7
2,7
7,7
7,7
7,7
21,7
7,7
7,7
7,7
7,7
7,7
7,7
7,7
7,7
7,7
7,7
7,7
7,7
31,7
7,7
23,7
7,7
30,7
7,7
7,7
7,7
7,7
7,7
7,7
7,7
7,7
7,7
7,7
7,7
7,7
18,7
7,7
8,7
7,7
7,7
7,7
7,7
7,7
7,7
7,7
7,7
7,7
7,7
7,7
7,7
7,7
7,7
7,7
7,7
7,7
7,7
7,7
7,7
7,7
7,7
7,7
7,7
7,7
5,7
30,7
7,7
7,7
7,7
7,7
7,7
28,7
7,7
7,7
30,7
7,7
7,7
7,7
7,7
7,7
7,7
7,7
7,7
2,7
7,7
7,7
7,7
23,7
7,7
7,7
30,7
7,7
7,7
26,7
7,7
7,7
2,7
7,7
7,7
7,7
7,7
7,7
7,7
7,7
7,7
7,7
7,7
7,7
7,7
7,7
7,7
7,7
7,7
7,7
7,7
7,7
16,7
7,7
7,7
7,7
7,7
7,7
7,7
7,7
7,7
7,7
7,7
7,7
7,7
7,7
7,7
8,7
7,7
2,7
7,7
7,7
7,7
7,7
7,7
7,7
7,7
14,7
28,7
7,7
7,7
12,7
7,7
7,7
30,7
2,7
7,7
7,7
13,7
7,7
7,7
2,7
18,7
7,7
7,7
7,7
7,7
7,7
7,7
7,7
7,7
7,7
7,7
7,7
7,7
7,7
7,7
7,7
7,7
7,7
7,7
7,7
7,7
3,7
7,7
7,7
7,7
7,7
7,7
7,7
7,7
7,7
7,7
7,7
2,7
7,7
7,7
14,7
7,7
7,7
7,7
7,7
7,7
23,7
28,7
7,7
7,7
7,7
7,7
7,7
6,7
7,7
7,7
7,7
7,7
7,7
7,7
7,7
7,7
6,7
7,7
7,7
24,7
2,7
7,7
7,7
7,7
7,7
7,7
7,7
7,7
7,7
7,7
7,7
7,7
7,7
7,7
7,7
7,7
7,7
7,7
7,7
7,7
7,7
7,7
7,7
7,7
7,7
23,7
7,7
2,7
7,7
7,7
28,7
2,7
7,7
7,7
14,7
31,7
7,7
26,7
7,7
26,7
7,7
7,7
7,7
7,7
7,7
7,7
7,7
7,7
34,7
7,7
7,7
7,7
7,7
7,7
21,7
7,7
7,7
7,7
7,7
4,7
7,7
7,7
7,7
7,7
28,7
7,7
7,7
7,7
7,7
7,7
7,7
7,7
7,7
7,7
20,7
30,7
20,7
7,7
26,7
7,7
7,7
7,7
7,7
16,7
7,7
7,7
7,7
7,7
7,7
7,7
28,7
7,7
34,7
7,7
28,7
23,7
7,7
7,7
7,7
7,7
7,7
7,7
7,7
7,7
7,7
28,7
6,7
7,7
7,7
7,7
7,7
26,7
7,7
7,7
7,7
7,7
7,7
7,7
7,7
7,7
7,7
7,7
7,7
7,7
19,7
7,7
7,7
7,7
7,7
7,7
7,7
7,7
7,7
7,7
7,7
15,7
7,7
7,7
7,7
7,7
7,7
7,7
7,7
7,7
7,7
23,7
7,7
7,7
28,7
6,7
7,7
8,8
8,8
8,8
8,8
8,8
8,8
23,8
8,8
8,8
8,8
8,8
8,8
33,8
8,8
20,8
8,8
11,8
11,8
8,8
8,8
21,8
8,8
33,8
21,8
8,8
8,8
2,8
8,8
8,8
8,8
21,8
21,8
4,8
8,8
8,8
8,8
11,8
21,8
8,8
26,8
8,8
8,8
8,8
16,8
8,8
8,8
8,8
8,8
8,8
8,8
8,8
24,8
21,8
8,8
8,8
11,8
8,8
8,8
9,8
8,8
34,8
8,8
8,8
8,8
8,8
8,8
8,8
8,8
8,8
28,8
28,8
8,8
8,8
20,8
8,8
5,8
21,8
8,8
8,8
8,8
8,8
8,8
8,8
8,8
8,8
11,8
8,8
8,8
31,8
8,8
21,8
8,8
22,8
21,8
8,8
35,8
8,8
26,8
8,8
8,8
8,8
8,8
6,8
8,8
8,8
8,8
5,8
8,8
10,8
11,8
8,8
8,8
24,8
8,8
8,8
8,8
8,8
8,8
8,8
9,8
20,8
8,8
8,8
8,8
8,8
8,8
9,8
8,8
8,8
8,8
8,8
6,8
8,8
8,8
8,8
8,8
8,8
2,8
8,8
10,8
11,8
8,8
8,8
19,8
8,8
8,8
8,8
8,8
9,8
8,8
21,8
8,8
8,8
8,8
8,8
8,8
9,8
8,8
8,8
8,8
8,8
8,8
33,8
8,8
8,8
8,8
8,8
8,8
8,8
8,8
6,8
8,8
8,8
8,8
8,8
8,8
8,8
9,8
10,8
8,8
33,8
8,8
21,8
8,8
8,8
6,8
12,8
8,8
8,8
8,8
8,8
8,8
8,8
8,8
8,8
8,8
8,8
23,8
21,8
8,8
8,8
30,8
8,8
8,8
8,8
18,8
8,8
8,8
8,8
24,8
21,8
23,8
28,8
8,8
12,8
8,8
8,8
8,8
18,8
33,8
8,8
8,8
8,8
8,8
8,8
27,8
8,8
8,8
8,8
8,8
23,8
8,8
21,8
8,8
8,8
8,8
8,8
8,8
8,8
8,8
8,8
8,8
3,8
8,8
8,8
8,8
8,8
21,8
23,8
8,8
30,8
10,8
8,8
8,8
8,8
8,8
24,8
21,8
8,8
6,8
8,8
8,8
8,8
8,8
8,8
12,8
8,8
8,8
8,8
8,8
8,8
5,8
8,8
8,8
8,8
8,8
8,8
8,8
8,8
8,8
8,8
8,8
8,8
8,8
8,8
8,8
10,8
11,8
8,8
10,8
8,8
8,8
5,8
5,8
8,8
22,8
8,8
8,8
8,8
8,8
21,8
8,8
8,8
8,8
8,8
21,8
8,8
7,8
21,8
18,8
5,8
8,8
8,8
8,8
8,8
8,8
8,8
8,8
8,8
8,8
8,8
8,8
8,8
8,8
8,8
8,8
8,8
21,8
8,8
9,8
8,8
8,8
31,8
8,8
8,8
22,8
8,8
11,8
8,8
8,8
8,8
8,8
8,8
21,8
8,8
20,8
8,8
8,8
8,8
21,8
32,8
8,8
8,8
8,8
9,8
8,8
23,8
21,8
6,8
8,8
8,8
8,8
8,8
7,8
8,8
8,8
8,8
8,8
8,8
18,8
8,8
8,8
8,8
8,8
1,8
8,8
8,8
8,8
8,8
8,8
8,8
8,8
8,8
8,8
8,8
28,8
8,8
8,8
8,8
33,8
8,8
8,8
21,8
8,8
9,8
8,8
8,8
8,8
6,8
21,8
8,8
8,8
8,8
4,8
6,8
8,9
9,9
9,9
9,9
9,9
10,9
9,9
9,9
18,9
9,9
9,9
9,9
9,9
9,9
9,9
9,9
8,9
8,9
9,9
28,9
10,9
11,9
10,9
9,9
24,9
24,9
9,9
12,9
9,9
9,9
9,9
21,9
9,9
9,9
9,9
9,9
9,9
9,9
35,9
9,9
10,9
9,9
9,9
9,9
10,9
10,9
11,9
30,9
10,9
9,9
8,9
33,9
11,9
11,9
11,9
9,9
8,9
9,9
8,9
9,9
9,9
9,9
8,9
9,9
6,9
11,9
9,9
8,9
9,9
8,9
9,9
9,9
11,9
3,9
9,9
9,9
9,9
8,9
8,9
9,9
11,9
10,9
11,9
9,9
8,9
25,9
8,9
8,9
24,9
9,9
9,9
9,9
5,9
9,9
9,9
9,9
11,9
9,9
28,9
9,9
9,9
11,9
21,9
10,9
11,9
11,9
9,9
9,9
9,9
9,9
11,9
9,9
9,9
9,9
8,9
9,9
9,9
9,9
9,9
9,9
17,9
9,9
9,9
8,9
9,9
11,9
11,9
9,9
10,9
6,9
9,9
11,9
9,9
9,9
8,9
9,9
9,9
9,9
10,9
13,9
8,9
12,9
8,9
9,9
3,9
29,9
9,9
27,9
9,9
9,9
9,9
12,9
9,9
9,9
6,9
10,9
9,9
24,9
10,10
10,10
10,10
10,10
10,10
10,10
10,10
11,10
10,10
9,10
10,10
11,10
10,10
10,10
10,10
10,10
10,10
10,10
10,10
10,10
10,10
10,10
10,10
8,10
10,10
10,10
10,10
11,10
10,10
10,10
11,10
11,10
3,10
11,10
10,10
10,10
10,10
10,10
30,10
10,10
24,10
10,10
11,10
33,10
9,10
10,10
10,10
10,10
3,10
24,10
21,10
9,10
10,10
24,10
24,10
3,10
11,10
11,10
10,10
10,10
11,10
10,10
10,10
10,10
10,10
9,10
10,10
11,10
25,10
11,10
9,10
11,10
9,10
10,10
10,10
11,10
10,10
10,10
10,10
20,10
24,10
10,10
21,10
10,10
9,10
10,10
10,10
11,10
11,10
10,10
8,10
10,10
9,10
10,10
11,10
35,10
11,10
10,10
9,10
9,10
10,10
10,10
10,10
10,10
10,10
11,10
11,10
11,10
10,10
10,10
10,10
11,10
11,10
10,10
10,10
9,10
10,10
9,10
10,10
10,10
24,10
10,10
10,10
11,10
9,10
9,10
30,10
10,10
9,10
10,10
9,10
10,10
10,10
10,10
10,10
10,10
10,10
10,10
10,10
8,10
10,10
10,10
8,10
10,10
9,10
10,10
11,10
10,10
30,10
10,10
9,10
9,10
26,10
10,10
9,10
11,11
10,11
21,11
11,11
35,11
11,11
20,11
8,11
9,11
8,11
11,11
8,11
11,11
11,11
11,11
11,11
11,11
11,11
11,11
12,11
11,11
8,11
11,11
9,11
9,11
11,11
11,11
19,11
11,11
9,11
11,11
11,11
10,11
11,11
11,11
11,11
6,11
11,11
11,11
11,11
11,11
11,11
28,11
11,11
11,11
8,11
11,11
9,11
11,11
11,11
11,11
11,11
9,11
11,11
11,11
11,11
9,11
24,11
24,11
11,11
11,11
11,11
9,11
11,11
25,11
11,11
11,11
11,11
11,11
11,11
11,11
11,11
11,11
20,11
11,11
12,11
11,11
8,11
22,11
11,11
24,11
11,11
11,11
11,11
11,11
11,11
30,11
11,11
11,11
11,11
11,11
34,11
24,11
11,11
11,11
20,11
11,11
11,11
7,11
11,11
11,11
11,11
11,11
11,11
11,11
11,11
8,11
11,11
5,11
11,11
11,11
11,11
11,11
11,11
11,11
11,11
11,11
11,11
11,11
31,11
20,11
21,11
11,11
11,11
11,11
11,11
11,11
11,11
11,11
27,11
11,11
10,11
11,11
30,11
10,11
11,11
11,11
11,11
11,11
11,11
22,11
10,11
11,11
12,11
11,11
11,11
28,11
30,11
11,11
10,11
11,11
11,11
8,11
30,11
30,11
11,11
30,11
11,11
8,11
11,11
11,11
11,11
11,11
11,11
12,11
11,11
11,11
11,11
12,11
11,11
28,11
24,11
30,11
11,11
11,11
12,11
11,11
11,11
11,11
10,11
11,11
11,11
11,11
2,11
9,11
11,11
11,11
10,11
11,11
7,11
25,11
11,11
11,11
11,11
11,11
11,11
11,11
11,11
11,11
32,11
11,11
11,11
8,11
11,11
11,11
11,11
11,11
11,11
11,11
27,11
11,11
20,11
11,11
11,11
10,11
12,11
12,11
11,11
11,11
11,11
11,11
11,11
11,11
11,11
11,11
31,11
9,11
11,11
11,11
11,11
11,11
11,11
11,11
22,11
8,11
27,11
11,11
25,11
11,11
12,11
11,11
11,11
11,11
11,11
11,11
11,11
11,11
11,11
28,11
11,11
11,11
11,11
11,11
11,11
11,11
11,11
11,11
11,11
20,11
11,11
11,11
11,11
11,11
11,11
21,11
11,11
28,11
10,11
11,11
11,11
25,11
11,11
9,11
11,11
11,11
11,11
11,11
11,11
11,11
11,11
11,11
11,11
11,11
11,11
11,11
5,11
11,11
11,11
9,11
11,11
20,11
11,11
11,11
27,11
11,11
21,11
12,11
11,11
11,11
11,11
11,11
11,11
35,11
11,11
11,11
11,11
11,11
11,11
10,11
27,11
11,11
2,11
11,11
11,11
11,11
11,11
11,11
11,11
11,11
11,11
11,11
11,11
11,11
11,11
11,11
10,11
11,11
11,11
11,11
11,11
11,11
11,11
11,11
11,11
11,11
11,11
11,11
8,11
11,11
28,11
11,11
11,11
11,11
11,11
11,11
11,11
10,11
11,11
27,11
27,11
11,11
15,11
11,11
11,11
11,11
11,11
10,11
11,11
11,11
11,11
11,11
11,11
11,11
11,11
27,11
11,11
11,11
11,11
9,11
11,11
11,11
19,11
11,11
5,12
11,12
12,12
12,12
12,12
19,12
20,12
12,12
31,12
5,12
12,12
12,12
19,12
12,12
5,12
22,12
6,12
33,12
12,12
6,12
21,12
12,12
30,12
19,12
12,12
6,12
12,12
19,12
12,12
12,12
28,12
11,12
12,12
12,12
12,12
12,12
12,12
12,12
12,12
31,12
30,12
30,12
12,12
12,12
3,12
2,12
12,12
21,12
12,12
30,12
30,12
4,12
12,12
12,12
12,12
12,12
12,12
2,12
28,12
3,12
12,12
12,12
31,12
12,12
30,12
12,12
12,12
12,12
12,12
2,12
35,12
5,12
12,12
12,12
12,12
12,12
19,12
12,12
12,12
12,12
12,12
12,12
12,12
19,12
12,12
19,12
12,12
12,12
12,12
30,12
12,12
12,12
12,12
12,12
12,12
6,12
12,12
12,12
12,12
12,12
23,12
11,12
12,12
12,12
12,12
12,12
12,12
12,12
12,12
12,12
11,12
6,12
12,12
12,12
12,12
12,12
12,12
12,12
12,12
12,12
12,12
12,12
12,12
12,12
12,12
19,12
15,12
12,12
12,12
30,12
12,12
12,12
12,12
19,12
12,12
12,12
12,12
12,12
6,12
12,12
12,12
3,12
19,12
12,12
12,12
19,12
12,12
6,12
12,12
12,12
12,12
12,12
32,12
30,12
6,12
2,12
12,12
12,12
12,12
12,12
12,12
12,12
31,12
12,12
6,12
12,12
12,12
12,12
12,12
12,12
12,12
12,12
12,12
12,12
4,12
12,12
12,12
4,12
12,12
12,12
12,12
6,12
8,12
2,12
12,12
12,12
12,12
27,12
30,12
12,12
12,12
19,12
19,12
12,12
12,12
15,12
12,12
19,12
12,12
5,12
19,12
4,12
34,12
19,12
21,12
27,12
19,12
6,12
6,12
12,12
5,12
12,12
7,12
8,12
12,12
2,12
30,12
7,12
12,12
19,12
6,12
12,12
12,12
12,12
3,12
12,12
2,12
12,12
12,12
22,12
22,12
12,12
12,12
22,12
12,12
19,12
12,12
12,12
12,12
12,12
12,12
12,12
2,12
12,12
12,12
12,12
12,12
12,12
12,12
12,12
12,12
12,12
12,12
11,12
28,12
19,12
12,12
18,12
12,12
12,12
12,12
12,12
12,12
12,12
21,12
35,12
12,12
30,12
19,12
12,12
6,12
21,12
6,12
12,12
12,12
11,12
12,12
12,12
12,12
27,12
12,12
12,12
30,12
6,12
35,12
12,12
12,12
12,12
6,12
12,12
12,12
12,12
12,12
23,12
21,12
12,12
12,12
29,12
14,12
6,12
12,12
21,12
12,12
12,12
12,12
11,12
11,12
12,12
12,12
12,12
19,12
21,12
6,12
12,12
12,12
12,12
5,12
12,12
12,12
6,12
12,12
12,12
12,12
12,12
12,12
12,12
12,12
19,12
12,12
31,12
12,12
12,12
12,12
19,12
12,12
12,12
12,12
3,12
19,12
12,12
6,12
12,12
12,12
19,12
12,12
12,12
18,12
12,12
31,12
11,12
12,12
12,12
19,12
19,12
6,12
7,12
12,12
12,12
12,12
12,12
12,12
12,12
12,12
12,12
12,12
22,12
12,12
21,12
12,12
30,12
12,12
20,12
12,12
19,12
12,12
12,12
12,12
21,12
5,12
12,12
11,12
12,12
12,12
6,12
12,12
12,12
19,12
22,12
24,13
1,13
13,13
13,13
13,13
13,13
13,13
34,13
13,13
13,13
4,13
13,13
14,13
13,13
13,13
13,13
13,13
13,13
13,13
22,13
13,13
13,13
13,13
13,13
13,13
13,13
13,13
13,13
13,13
4,13
13,13
13,13
13,13
13,13
13,13
13,13
13,13
13,13
13,13
13,13
13,13
13,13
12,13
13,13
13,13
4,13
4,13
13,13
13,13
13,13
13,13
13,13
13,13
13,13
13,13
13,13
31,13
13,13
13,13
13,13
13,13
13,13
13,13
13,13
24,13
13,13
13,13
13,13
13,13
13,13
13,13
13,13
31,13
13,13
13,13
13,13
13,13
13,13
13,13
13,13
13,13
13,13
4,13
13,13
13,13
13,13
13,13
16,13
13,13
4,13
13,13
13,13
13,13
13,13
28,13
13,13
13,13
13,13
13,13
13,13
13,13
13,13
4,13
13,13
31,13
13,13
13,13
13,13
13,13
13,13
13,13
13,13
13,13
13,13
13,13
13,13
13,13
13,13
13,13
4,13
13,13
13,13
13,13
13,13
27,13
13,13
13,13
4,13
24,13
13,13
13,13
13,13
13,13
1,13
13,13
13,13
13,13
13,13
13,13
4,13
21,13
13,13
31,13
13,13
13,13
17,13
31,13
13,13
13,13
13,13
13,13
13,13
13,13
13,13
14,13
4,13
13,13
13,13
13,13
6,13
13,13
13,13
13,13
3,13
13,13
13,13
13,13
13,13
13,13
13,13
13,13
13,13
13,13
13,13
13,13
13,13
13,13
13,13
13,13
13,13
13,13
16,13
13,13
13,13
13,13
13,13
13,13
13,13
13,13
13,13
13,13
13,13
13,13
13,13
23,13
13,13
13,13
13,13
29,13
13,13
13,13
13,13
13,13
13,13
13,13
13,13
14,14
14,14
34,14
14,14
14,14
14,14
14,14
14,14
14,14
4,14
14,14
14,14
14,14
14,14
14,14
14,14
14,14
14,14
14,14
7,14
14,14
14,14
14,14
14,14
14,14
14,14
14,14
14,14
14,14
20,14
14,14
34,14
20,14
14,14
14,14
26,14
14,14
14,14
14,14
14,14
14,14
14,14
14,14
14,14
14,14
14,14
14,14
14,14
14,14
14,14
14,14
14,14
20,14
20,14
23,14
14,14
14,14
34,14
14,14
14,14
14,14
34,14
20,14
14,14
14,14
14,14
14,14
14,14
14,14
14,14
21,14
14,14
14,14
14,14
34,14
8,14
14,14
14,14
14,14
14,14
14,14
2,14
14,14
14,14
14,14
14,14
14,14
14,14
14,14
24,14
14,14
14,14
14,14
14,14
14,14
14,14
14,14
14,14
14,14
34,14
14,14
14,14
14,14
14,14
14,14
14,14
14,14
14,14
14,14
14,14
14,14
14,14
13,14
14,14
14,14
14,14
20,14
14,14
14,14
14,14
14,14
31,14
14,14
14,14
14,14
14,14
14,14
14,14
14,14
14,14
20,14
14,14
14,14
14,14
14,14
14,14
14,14
14,14
14,14
14,14
14,14
14,14
14,14
14,14
14,14
19,14
4,14
14,14
14,14
4,14
14,14
14,14
19,14
14,14
20,14
14,14
20,14
14,14
14,14
14,14
14,14
14,14
14,14
28,14
14,14
21,14
14,14
14,14
14,14
14,14
20,14
14,14
14,14
14,14
14,14
14,14
14,14
14,14
14,14
14,14
14,14
14,14
27,14
14,14
26,14
14,14
14,14
14,14
14,14
14,14
14,14
14,14
14,14
14,14
14,14
14,14
14,14
20,14
14,14
14,14
14,14
14,14
34,14
14,14
14,14
14,14
14,14
14,14
31,14
20,14
8,14
14,14
18,15
15,15
5,15
8,15
15,15
33,15
18,15
18,15
28,15
3,15
19,15
18,15
15,15
22,15
15,15
22,15
15,15
15,15
6,15
35,15
18,15
19,15
35,15
6,15
15,15
19,15
15,15
22,15
15,15
15,15
15,15
22,15
15,15
18,15
15,15
15,15
15,15
20,15
35,15
22,15
28,15
5,15
18,15
22,15
23,15
15,15
15,15
18,15
21,15
15,15
15,15
33,15
18,15
22,15
15,15
15,15
22,15
18,15
15,15
15,15
12,15
15,15
17,15
18,15
15,15
3,15
3,15
23,15
22,15
15,15
15,15
3,15
22,15
31,15
3,15
22,15
15,15
15,15
15,15
1,15
19,15
15,15
25,15
17,15
34,15
19,15
15,15
15,15
16,15
15,15
15,15
28,15
22,15
12,15
18,15
15,15
22,15
19,15
22,15
19,15
31,15
18,15
15,15
15,15
5,15
15,15
15,15
15,15
15,15
15,15
15,15
17,15
3,15
15,15
22,15
17,15
18,15
15,15
12,15
15,15
15,15
15,15
15,15
15,15
15,15
16,15
16,15
15,15
8,15
15,15
16,15
22,15
22,15
15,15
15,15
15,15
18,15
15,15
19,15
15,15
18,15
22,15
19,15
35,15
15,15
23,15
18,15
33,15
15,15
22,15
21,15
3,15
15,15
15,15
22,15
15,15
15,15
15,15
34,16
16,16
16,16
24,16
16,16
16,16
16,16
16,16
16,16
16,16
16,16
16,16
16,16
16,16
16,16
16,16
18,16
16,16
16,16
16,16
16,16
16,16
16,16
19,16
16,16
16,16
16,16
16,16
16,16
16,16
16,16
16,16
16,16
16,16
16,16
18,16
32,16
16,16
16,16
16,16
26,16
16,16
16,16
16,16
16,16
16,16
16,16
16,16
16,16
16,16
16,16
16,16
16,16
16,16
16,16
16,16
16,16
16,16
23,16
16,16
16,16
23,16
16,16
20,16
16,16
18,16
16,16
16,16
7,16
16,16
16,16
34,16
16,16
16,16
22,16
5,16
16,16
16,16
16,16
16,16
23,16
12,16
16,16
16,16
34,16
16,16
16,16
34,16
16,16
23,16
16,16
16,16
16,16
16,16
16,16
16,16
16,16
16,16
16,16
16,16
20,16
16,16
16,16
16,16
16,16
18,16
16,16
16,16
16,16
16,16
16,16
16,16
16,16
16,16
16,16
16,16
16,16
16,16
16,16
22,16
16,16
34,16
16,16
16,16
22,16
16,16
16,16
16,16
34,16
16,16
33,16
19,16
16,16
16,16
23,16
23,16
16,16
16,16
16,16
16,16
16,16
16,16
16,16
16,16
16,16
16,16
16,16
16,16
16,16
16,16
16,16
22,16
19,16
16,16
7,16
16,16
16,16
16,16
16,16
16,16
16,16
16,16
34,16
16,16
16,16
16,16
16,16
16,16
16,16
16,16
34,16
16,16
16,16
16,16
16,16
16,16
16,16
16,16
16,16
7,16
16,16
16,16
16,16
16,16
16,16
16,16
22,16
16,16
16,16
16,16
16,16
22,16
16,16
16,16
16,16
16,16
16,16
16,16
31,16
16,16
8,16
16,16
16,16
16,16
16,16
16,16
16,16
16,16
31,16
16,16
16,16
16,16
16,16
16,16
16,16
35,16
34,16
16,16
16,16
16,16
16,16
15,16
16,16
16,16
16,16
16,16
16,16
16,16
16,16
16,16
20,16
16,16
16,16
34,16
23,16
16,16
16,16
22,16
16,16
16,16
16,16
16,16
16,16
16,16
16,16
13,16
22,16
16,16
12,16
16,16
28,16
16,16
16,16
16,16
16,16
34,16
17,16
16,16
16,16
16,16
16,16
16,16
11,16
18,16
4,16
16,16
16,16
34,16
16,16
16,16
16,16
34,16
16,16
11,16
16,16
16,16
16,16
16,16
16,16
16,16
31,16
25,16
16,16
16,16
16,16
16,16
16,16
16,16
16,16
16,16
16,16
16,16
16,16
16,16
16,16
16,16
23,16
16,16
16,16
16,16
16,16
16,16
18,16
33,16
34,16
16,16
16,16
16,16
16,16
16,16
23,16
16,16
16,16
16,16
16,16
16,16
28,16
16,16
22,16
16,16
16,16
20,16
23,16
16,16
19,16
31,16
17,16
7,16
16,16
16,16
30,16
16,16
15,16
22,16
16,16
7,16
16,16
16,16
16,16
16,16
16,16
16,16
22,16
16,16
16,16
22,16
16,16
16,16
34,16
16,16
16,16
16,16
18,16
16,16
16,16
16,16
16,16
16,16
31,16
16,16
16,16
16,16
16,16
16,16
16,16
16,16
16,16
16,16
16,16
18,16
34,16
16,16
16,16
16,16
16,16
16,16
16,16
22,16
16,16
28,16
8,17
17,17
10,17
17,17
17,17
18,17
17,17
17,17
25,17
17,17
17,17
17,17
17,17
17,17
17,17
18,17
15,17
17,17
17,17
17,17
17,17
17,17
17,17
17,17
17,17
17,17
17,17
22,17
17,17
17,17
31,17
17,17
17,17
17,17
17,17
17,17
16,17
17,17
18,17
17,17
17,17
17,17
17,17
16,17
17,17
17,17
17,17
17,17
17,17
22,17
17,17
17,17
17,17
17,17
17,17
17,17
17,17
17,17
17,17
18,17
17,17
22,17
17,17
17,17
23,17
17,17
17,17
33,17
18,17
17,17
18,17
19,17
17,17
17,17
17,17
2,17
17,17
17,17
17,17
17,17
17,17
18,17
17,17
17,17
14,17
17,17
17,17
17,17
17,17
17,17
17,17
17,17
17,17
17,17
17,17
17,17
17,17
17,17
17,17
17,17
6,17
17,17
17,17
17,17
3,17
33,17
17,17
17,17
17,17
16,17
17,17
17,17
2,17
17,17
17,17
22,17
17,17
17,17
23,17
17,17
17,17
17,17
17,17
22,17
17,17
18,17
18,17
17,17
17,17
17,17
17,17
17,17
18,17
17,17
17,17
3,17
17,17
17,17
17,17
17,17
17,17
17,17
13,17
22,17
17,17
2,17
16,17
17,17
17,17
17,17
17,17
17,17
17,17
12,17
17,17
17,17
8,17
27,17
17,17
17,17
17,17
17,17
17,17
12,17
17,17
17,17
17,17
17,17
17,17
17,17
17,17
17,17
17,17
17,17
17,17
19,17
17,17
17,17
17,17
17,17
17,17
17,17
17,17
17,17
17,17
17,17
17,17
17,17
17,17
17,17
22,17
17,17
17,17
17,17
17,17
17,17
18,17
22,17
8,17
17,17
17,17
17,17
13,17
17,17
17,17
17,17
18,17
17,17
17,17
17,17
18,18
18,18
18,18
18,18
5,18
33,18
18,18
18,18
23,18
18,18
18,18
18,18
18,18
18,18
18,18
18,18
18,18
18,18
18,18
18,18
18,18
18,18
6,18
22,18
18,18
18,18
30,18
18,18
18,18
23,18
18,18
18,18
18,18
2,18
8,18
18,18
19,18
19,18
18,18
18,18
33,18
18,18
21,18
18,18
18,18
33,18
23,18
15,18
18,18
6,18
18,18
18,18
18,18
18,18
22,18
18,18
19,18
15,18
19,18
18,18
18,18
18,18
18,18
19,18
17,18
20,18
15,18
18,18
18,18
18,18
18,18
8,18
18,18
22,18
18,18
18,18
19,18
18,18
18,18
16,18
22,18
18,18
18,18
18,18
18,18
18,18
18,18
18,18
18,18
18,18
6,18
7,18
33,18
18,18
15,18
18,18
18,18
18,18
18,18
6,18
19,18
18,18
18,18
18,18
21,18
18,18
18,18
6,18
28,18
18,18
18,18
15,18
18,18
18,18
18,18
18,18
18,18
6,18
18,18
24,18
18,18
18,18
18,18
18,18
18,18
18,18
18,18
18,18
18,18
18,18
18,18
18,18
22,18
18,18
18,18
18,18
18,18
18,18
18,18
18,18
33,18
18,18
6,18
18,18
18,18
18,18
18,18
18,18
15,18
18,18
8,18
22,18
18,18
18,18
18,18
18,18
18,18
6,18
18,18
30,18
19,18
18,18
22,18
21,18
6,18
18,18
18,18
18,18
18,18
18,18
18,18
3,18
18,18
18,18
33,18
18,18
18,18
18,18
18,18
18,18
18,18
6,18
18,18
18,18
18,18
18,18
33,18
19,18
23,18
2,18
18,18
18,18
18,18
18,18
18,18
18,18
33,18
18,18
18,18
18,18
17,18
18,18
33,18
18,18
18,18
18,18
14,18
15,18
18,18
18,18
18,18
18,18
15,18
18,18
18,18
18,18
19,18
18,18
31,18
1,18
27,18
19,18
18,18
18,18
22,18
18,18
18,18
18,18
18,18
18,18
18,18
18,18
5,18
30,18
18,18
18,18
18,18
18,18
18,18
18,18
18,18
22,18
18,18
18,18
18,18
18,18
33,18
22,18
18,18
18,18
19,18
18,18
18,18
18,18
18,18
18,18
18,18
18,18
9,18
18,18
18,18
18,18
18,18
18,18
18,18
18,18
18,18
18,18
18,18
2,18
18,18
21,18
21,18
18,18
18,18
26,18
18,18
18,18
18,18
18,18
18,18
18,18
18,18
18,18
15,18
18,18
18,18
18,18
22,18
18,18
22,18
18,18
19,18
30,18
21,18
18,18
18,18
8,18
18,18
18,18
6,18
19,18
18,18
18,18
18,18
18,18
18,18
18,18
18,18
6,18
18,18
18,18
28,18
18,18
18,18
18,18
18,18
18,18
18,18
18,18
18,18
18,18
18,18
6,18
18,18
18,18
18,18
18,18
18,18
18,18
18,18
18,18
18,18
18,18
18,18
18,18
18,18
21,18
18,18
18,18
18,18
6,18
15,18
18,18
18,18
18,18
18,18
18,18
18,18
33,18
18,18
18,18
18,18
18,18
18,18
18,18
22,18
32,18
18,18
7,18
18,18
18,18
18,18
18,18
18,18
18,18
18,18
18,18
18,18
18,18
18,18
18,18
18,18
18,18
18,18
18,18
18,18
18,18
18,18
18,18
18,18
15,18
18,18
15,18
21,18
18,18
22,18
8,18
18,18
18,18
18,18
22,18
18,18
19,19
19,19
15,19
19,19
19,19
19,19
6,19
5,19
18,19
19,19
18,19
19,19
19,19
19,19
19,19
19,19
19,19
19,19
19,19
22,19
19,19
19,19
19,19
19,19
19,19
2,19
19,19
7,19
19,19
19,19
19,19
19,19
19,19
19,19
19,19
6,19
19,19
19,19
19,19
3,19
19,19
19,19
13,19
19,19
19,19
18,19
19,19
19,19
19,19
19,19
19,19
19,19
35,19
19,19
19,19
19,19
19,19
22,19
19,19
19,19
23,19
19,19
19,19
19,19
16,19
19,19
19,19
19,19
19,19
18,19
19,19
19,19
19,19
19,19
28,19
12,19
5,19
19,19
19,19
19,19
19,19
19,19
19,19
19,19
19,19
19,19
19,19
30,19
19,19
19,19
19,19
19,19
19,19
19,19
19,19
19,19
19,19
19,19
19,19
19,19
19,19
19,19
19,19
15,19
19,19
19,19
18,19
19,19
19,19
19,19
19,19
19,19
19,19
35,19
19,19
19,19
19,19
19,19
19,19
18,19
19,19
12,19
19,19
16,19
19,19
19,19
19,19
19,19
19,19
19,19
19,19
19,19
15,19
16,19
19,19
19,19
19,19
33,19
31,19
5,19
19,19
19,19
18,19
19,19
19,19
23,19
18,19
19,19
19,19
19,19
12,19
19,19
19,19
18,19
6,19
19,19
19,19
33,19
22,19
19,19
19,19
19,19
19,19
19,19
19,19
19,19
19,19
19,19
19,19
19,19
18,19
18,19
19,19
19,19
18,19
19,19
19,19
19,19
19,19
19,19
19,19
19,19
6,19
6,19
19,19
19,19
19,19
19,19
19,19
19,19
34,19
19,19
19,19
19,19
19,19
19,19
19,19
19,19
28,19
19,19
19,19
19,19
19,19
34,19
19,19
19,19
19,19
19,19
19,19
16,19
19,19
15,19
33,19
19,19
19,19
19,19
19,19
19,19
19,19
19,19
19,19
19,19
19,19
19,19
19,19
6,19
19,19
18,19
19,19
19,19
19,19
19,19
19,19
27,19
19,19
19,19
19,19
19,19
16,19
19,19
19,19
19,19
19,19
19,19
12,19
19,19
19,19
19,19
19,19
22,19
19,19
11,19
19,19
19,19
19,19
33,19
19,19
19,19
19,19
19,19
19,19
19,19
30,19
19,19
19,19
19,19
19,19
18,19
19,19
12,19
18,19
19,19
19,19
19,19
19,19
19,19
17,19
12,19
19,19
19,19
19,19
19,19
15,19
19,19
15,19
6,19
19,19
19,19
19,19
8,19
31,19
19,19
19,19
19,19
19,19
19,19
16,19
19,19
19,19
19,19
19,19
19,19
19,19
19,19
19,19
19,19
19,19
18,19
19,19
19,19
19,19
19,19
19,19
5,19
19,19
19,19
19,19
19,19
19,19
16,19
6,19
19,19
19,19
19,19
22,19
19,19
19,19
1,19
19,19
19,19
19,19
19,19
19,19
17,19
19,19
19,19
19,19
19,19
19,19
19,19
19,19
19,19
19,19
19,19
19,19
28,19
19,19
19,19
7,19
19,19
19,19
19,19
19,19
19,19
15,19
19,19
19,19
19,19
19,19
19,19
19,19
19,19
19,19
19,19
19,19
19,19
19,19
19,19
19,19
19,19
19,19
19,19
19,19
19,19
19,19
19,19
19,19
19,19
19,19
17,19
6,19
19,19
19,19
8,19
19,19
19,19
19,19
12,19
19,19
19,19
19,19
18,19
18,19
19,19
20,20
20,20
20,20
20,20
31,20
31,20
20,20
20,20
20,20
20,20
20,20
34,20
20,20
20,20
20,20
20,20
20,20
8,20
21,20
20,20
20,20
20,20
20,20
20,20
20,20
20,20
20,20
20,20
20,20
20,20
20,20
21,20
20,20
1,20
20,20
20,20
20,20
20,20
20,20
20,20
20,20
20,20
20,20
31,20
20,20
20,20
31,20
20,20
34,20
20,20
31,20
20,20
20,20
3,20
20,20
20,20
20,20
20,20
20,20
7,20
20,20
20,20
20,20
20,20
14,20
20,20
26,20
5,20
20,20
20,20
20,20
20,20
14,20
27,20
20,20
20,20
20,20
34,20
20,20
20,20
20,20
34,20
34,20
20,20
20,20
20,20
20,20
20,20
20,20
4,20
20,20
20,20
20,20
16,20
20,20
20,20
31,20
20,20
20,20
20,20
20,20
21,20
20,20
20,20
20,20
20,20
20,20
21,20
20,20
20,20
20,20
24,20
20,20
20,20
20,20
20,20
20,20
20,20
20,20
20,20
24,20
13,20
7,20
8,20
20,20
20,20
20,20
20,20
20,20
3,20
31,20
20,20
20,20
20,20
20,20
20,20
7,20
5,20
27,20
20,20
20,20
20,20
20,20
20,20
20,20
14,20
20,20
20,20
20,20
20,20
20,20
20,20
20,20
20,20
20,20
20,20
20,20
20,20
20,20
20,20
4,20
20,20
31,20
20,20
20,20
20,20
20,20
20,20
20,20
20,20
12,20
20,20
21,20
20,20
20,20
20,20
20,20
20,20
20,20
20,20
20,20
20,20
20,20
21,20
20,20
20,20
20,20
20,20
20,20
31,20
24,20
20,20
20,20
2,20
13,20
34,20
20,20
20,20
28,20
31,20
27,20
20,20
20,20
21,20
16,20
20,20
31,20
20,20
20,20
20,20
20,20
11,20
20,20
20,20
20,20
20,20
20,20
20,20
34,20
20,20
20,20
20,20
20,20
20,20
20,20
31,20
20,20
16,20
20,20
20,20
20,20
20,20
20,20
31,20
20,20
20,20
20,20
16,20
20,20
20,20
20,20
20,20
20,20
20,20
20,20
16,20
20,20
20,20
31,20
20,20
20,20
20,20
20,20
20,20
20,20
20,20
20,20
12,20
5,20
20,20
20,20
20,20
20,20
28,20
20,20
20,20
20,20
20,20
20,20
20,20
20,20
20,20
20,20
20,20
20,20
20,20
20,20
20,20
20,20
20,20
20,20
20,20
20,20
20,20
20,20
20,20
31,20
31,20
20,20
20,20
31,20
20,20
20,20
20,20
20,20
20,20
20,20
20,20
8,20
20,20
20,20
20,20
31,20
31,20
31,20
31,20
20,20
8,20
14,20
20,20
20,20
20,20
20,20
21,20
20,20
20,20
20,20
20,20
20,20
20,20
8,20
20,20
31,20
31,20
20,20
20,20
20,20
20,20
20,20
20,20
8,20
21,20
31,20
20,20
7,20
7,20
20,20
20,20
31,20
20,20
20,20
20,20
20,20
20,20
20,20
20,20
20,20
20,20
20,20
20,20
20,20
20,20
20,20
20,20
14,20
20,20
33,20
21,20
20,20
20,20
20,20
20,20
20,20
12,20
20,20
7,20
20,20
20,20
20,20
20,20
20,20
20,20
20,20
20,20
34,20
21,21
21,21
21,21
21,21
21,21
21,21
21,21
6,21
21,21
6,21
21,21
21,21
21,21
28,21
21,21
7,21
21,21
21,21
21,21
21,21
21,21
21,21
21,21
21,21
21,21
6,21
22,21
21,21
22,21
7,21
8,21
12,21
21,21
8,21
21,21
12,21
21,21
21,21
21,21
29,21
21,21
21,21
21,21
21,21
21,21
21,21
21,21
21,21
12,21
21,21
22,21
21,21
31,21
21,21
21,21
21,21
21,21
21,21
8,21
6,21
21,21
21,21
11,21
28,21
21,21
21,21
21,21
8,21
21,21
21,21
21,21
7,21
16,21
18,21
21,21
21,21
21,21
21,21
21,21
21,21
21,21
21,21
21,21
12,21
19,21
21,21
21,21
21,21
21,21
21,21
21,21
21,21
21,21
8,21
21,21
8,21
21,21
12,21
21,21
21,21
21,21
21,21
21,21
21,21
21,21
21,21
21,21
9,21
21,21
21,21
21,21
21,21
21,21
21,21
21,21
21,21
21,21
21,21
21,21
21,21
21,21
21,21
33,21
22,21
21,21
21,21
12,21
21,21
21,21
21,21
21,21
21,21
21,21
21,21
21,21
21,21
21,21
34,21
21,21
8,21
31,21
21,21
9,21
21,21
20,21
21,21
21,21
21,21
21,21
21,21
22,21
21,21
21,21
18,21
22,21
21,21
21,21
22,21
21,21
8,21
30,21
21,21
21,21
21,21
21,21
21,21
21,21
21,21
2,21
31,21
21,21
21,21
21,21
21,21
21,21
21,21
21,21
21,21
21,21
21,21
21,21
8,21
21,21
5,21
21,21
27,21
21,21
21,21
21,21
21,21
21,21
21,21
21,21
22,21
21,21
21,21
15,21
21,21
6,21
21,21
21,21
21,21
21,21
21,21
21,21
6,21
21,21
2,21
21,21
21,21
21,21
21,21
18,21
21,21
21,21
21,21
21,21
21,21
21,21
21,21
22,21
9,21
21,21
21,21
21,21
21,21
21,21
21,21
21,21
21,21
21,21
21,21
21,21
21,21
21,21
21,21
21,21
28,21
21,21
21,21
21,21
31,21
21,21
8,21
11,21
5,21
21,21
21,21
21,21
9,21
21,21
21,21
21,21
21,21
30,21
21,21
22,21
21,21
21,21
21,21
21,21
21,21
21,21
21,21
22,21
31,21
6,21
21,21
21,21
21,21
27,21
21,21
21,21
31,21
21,21
21,21
21,21
21,21
21,21
21,21
30,21
22,21
2,21
21,21
21,21
21,21
21,21
21,21
21,21
21,21
22,21
8,21
21,21
21,21
21,21
21,21
6,21
21,21
21,21
21,21
21,21
21,21
21,21
9,21
21,21
21,21
21,21
21,21
21,21
21,21
21,21
21,21
21,21
21,21
21,21
21,21
21,21
21,21
21,21
22,21
21,21
21,21
5,21
21,21
21,21
6,21
21,21
21,21
21,21
8,21
21,21
21,21
21,21
21,21
21,21
21,21
21,21
8,21
21,21
21,21
21,21
21,21
21,21
21,21
21,21
21,21
8,21
21,21
21,21
21,21
21,21
21,21
21,21
12,21
21,21
21,21
21,21
21,21
21,21
21,21
11,21
21,21
21,21
8,21
21,21
21,21
21,21
21,21
16,21
21,21
21,21
21,21
11,21
20,21
2,21
21,21
30,21
21,21
18,21
14,21
21,21
21,21
21,21
8,21
21,21
22,22
16,22
22,22
22,22
22,22
22,22
6,22
21,22
22,22
18,22
22,22
15,22
22,22
22,22
22,22
22,22
22,22
22,22
22,22
22,22
22,22
22,22
22,22
19,22
33,22
22,22
27,22
3,22
22,22
22,22
22,22
21,22
22,22
22,22
22,22
22,22
22,22
22,22
22,22
22,22
22,22
22,22
33,22
22,22
22,22
22,22
22,22
22,22
22,22
22,22
22,22
22,22
22,22
16,22
22,22
33,22
22,22
18,22
22,22
22,22
22,22
18,22
34,22
31,22
19,22
22,22
22,22
22,22
22,22
18,22
22,22
22,22
22,22
16,22
22,22
16,22
23,22
22,22
15,22
15,22
22,22
22,22
22,22
22,22
22,22
6,22
34,22
22,22
22,22
22,22
22,22
18,22
18,22
22,22
22,22
22,22
22,22
22,22
22,22
19,22
22,22
22,22
22,22
7,22
22,22
22,22
22,22
22,22
16,22
22,22
22,22
22,22
23,22
22,22
33,22
22,22
22,22
22,22
22,22
33,22
22,22
23,22
5,22
22,22
22,22
22,22
22,22
22,22
22,22
22,22
22,22
15,22
19,22
22,22
22,22
22,22
22,22
22,22
18,22
15,22
22,22
22,22
22,22
22,22
22,22
22,22
22,22
22,22
19,22
22,22
22,22
23,22
22,22
15,22
22,22
22,22
22,22
22,22
22,22
31,22
22,22
22,22
23,22
22,22
22,22
22,22
22,22
12,22
18,22
22,22
22,22
22,22
22,22
22,22
22,22
22,22
22,22
6,22
22,22
22,22
23,22
33,22
22,22
22,22
22,22
22,22
22,22
22,22
22,22
22,22
22,22
22,22
22,22
22,22
22,22
22,22
22,22
22,22
22,22
22,22
22,22
22,22
22,22
23,22
22,22
30,22
22,22
22,22
22,22
22,22
21,22
18,22
33,22
22,22
22,22
22,22
16,22
22,22
3,22
23,22
33,22
22,22
22,22
22,22
22,22
22,22
12,22
12,22
22,22
30,22
22,22
22,22
22,22
22,22
22,22
22,22
22,22
16,22
22,22
22,22
22,22
22,22
17,22
22,22
22,22
22,22
18,22
22,22
22,22
22,22
22,22
8,22
33,22
22,22
22,22
22,22
22,22
33,22
22,22
22,22
22,22
22,22
16,22
22,22
22,22
22,22
22,22
22,22
22,22
22,22
22,22
22,22
22,22
22,22
22,22
22,22
22,22
22,22
22,22
17,22
22,22
22,22
22,22
33,22
22,22
16,22
22,22
22,22
22,22
22,22
22,22
22,22
22,22
22,22
22,22
22,22
22,22
22,22
19,22
18,22
22,22
22,22
22,22
22,22
22,22
22,22
18,22
22,22
22,22
22,22
22,22
23,22
22,22
22,22
15,22
3,22
22,22
17,22
22,22
22,22
22,22
22,22
22,22
22,22
22,22
22,22
22,22
22,22
22,22
22,22
22,22
22,22
22,22
23,22
22,22
22,22
22,22
23,22
23,22
22,22
22,22
22,22
17,22
22,22
22,22
23,22
22,22
22,22
22,22
22,22
22,22
32,22
22,22
22,22
18,22
22,22
22,22
22,22
22,22
22,22
22,22
22,22
22,22
18,22
22,22
22,22
22,22
23,22
22,22
22,22
22,22
22,22
22,22
22,22
16,22
22,22
22,22
22,22
22,22
18,22
22,22
22,22
22,22
22,22
22,22
22,22
12,22
15,22
22,22
23,23
23,23
23,23
23,23
7,23
23,23
23,23
23,23
23,23
18,23
23,23
23,23
23,23
23,23
8,23
22,23
34,23
23,23
23,23
23,23
23,23
16,23
23,23
23,23
23,23
23,23
19,23
23,23
23,23
23,23
23,23
10,23
23,23
23,23
23,23
23,23
23,23
18,23
23,23
23,23
23,23
23,23
23,23
23,23
20,23
23,23
23,23
7,23
23,23
23,23
23,23
23,23
23,23
28,23
23,23
23,23
23,23
3,23
23,23
31,23
23,23
23,23
23,23
23,23
23,23
23,23
23,23
23,23
23,23
23,23
33,23
23,23
23,23
22,23
23,23
2,23
23,23
23,23
23,23
7,23
23,23
23,23
23,23
23,23
23,23
23,23
23,23
23,23
23,23
23,23
16,23
23,23
23,23
23,23
23,23
23,23
23,23
23,23
23,23
23,23
23,23
23,23
23,23
23,23
35,23
8,23
7,23
23,23
23,23
23,23
18,23
23,23
23,23
23,23
23,23
23,23
4,23
23,23
23,23
23,23
23,23
23,23
23,23
18,23
23,23
23,23
23,23
23,23
23,23
23,23
23,23
23,23
31,23
23,23
21,23
23,23
23,23
23,23
23,23
23,23
23,23
23,23
23,23
23,23
23,23
23,23
23,23
23,23
23,23
23,23
23,23
10,23
23,23
28,23
23,23
23,23
23,23
23,23
23,23
33,23
23,23
23,23
23,23
30,23
23,23
23,23
23,23
23,23
23,23
23,23
23,23
23,23
23,23
23,23
23,23
16,23
23,23
23,23
3,23
19,23
19,23
23,23
26,23
23,23
23,23
23,23
23,23
23,23
23,23
23,23
16,23
22,23
23,23
23,23
23,23
23,23
23,23
34,23
23,23
23,23
23,23
2,23
23,23
8,23
23,23
15,23
23,23
23,23
23,23
23,23
23,23
23,23
23,23
23,23
23,23
23,23
34,23
23,23
28,23
22,23
23,23
23,23
23,23
23,23
14,23
23,23
23,23
23,23
23,23
23,23
23,23
23,23
23,23
23,23
23,23
23,23
23,23
19,23
15,23
23,23
8,23
23,23
28,23
23,23
23,23
23,23
23,23
23,23
23,23
23,23
23,23
23,23
23,23
23,23
23,23
23,23
23,23
23,23
23,23
23,23
23,23
23,23
23,23
23,23
23,23
23,23
23,23
23,23
23,23
23,23
23,23
23,23
23,23
23,23
34,23
22,23
23,23
23,23
23,23
8,23
2,23
7,23
23,23
16,23
15,23
23,23
23,23
23,23
23,23
23,23
23,23
23,23
18,23
23,23
23,23
23,23
23,23
3,23
23,23
23,23
23,23
23,23
23,23
23,23
23,23
23,23
23,23
23,23
23,23
16,23
23,23
2,23
23,23
23,23
23,23
3,23
17,23
18,23
23,23
23,23
23,23
18,23
34,23
23,23
8,23
15,23
17,23
23,23
22,23
16,23
23,23
2,23
23,23
23,23
23,23
23,23
23,23
23,23
23,23
22,23
23,23
23,23
23,23
23,23
23,23
22,23
23,23
23,23
23,23
23,23
23,23
20,23
23,23
23,23
23,23
23,23
23,23
23,23
23,23
23,23
30,23
23,23
23,23
23,23
23,23
23,23
23,23
23,23
7,23
22,23
23,23
23,23
23,23
23,23
23,23
8,23
15,23
23,23
24,24
24,24
35,24
24,24
24,24
24,24
24,24
24,24
24,24
24,24
24,24
24,24
24,24
24,24
24,24
24,24
24,24
24,24
24,24
24,24
24,24
24,24
24,24
24,24
24,24
24,24
24,24
24,24
24,24
24,24
24,24
24,24
24,24
27,24
24,24
24,24
35,24
24,24
24,24
24,24
24,24
24,24
24,24
24,24
24,24
24,24
13,24
24,24
24,24
24,24
24,24
30,24
24,24
24,24
24,24
24,24
35,24
24,24
24,24
24,24
24,24
11,24
24,24
28,24
24,24
24,24
24,24
24,24
24,24
24,24
24,24
24,24
24,24
24,24
24,24
24,24
24,24
24,24
24,24
24,24
24,24
27,24
24,24
24,24
24,24
24,24
24,24
24,24
24,24
24,24
24,24
24,24
24,24
24,24
10,24
11,24
24,24
13,24
24,24
24,24
24,24
24,24
26,24
24,24
24,24
24,24
24,24
24,24
24,24
24,24
9,24
9,24
24,24
24,24
24,24
24,24
24,24
24,24
24,24
24,24
21,24
28,24
24,24
24,24
24,24
24,24
24,24
24,24
24,24
11,24
24,24
24,24
24,24
24,24
24,24
24,24
24,24
24,24
24,24
24,24
24,24
24,24
24,24
24,24
27,24
24,24
24,24
24,24
24,24
24,24
24,24
24,24
24,24
24,24
24,24
24,24
24,24
24,24
13,24
24,24
24,24
24,24
24,24
24,24
24,24
24,24
24,24
24,24
24,24
24,24
24,24
24,24
24,24
24,24
24,24
24,24
24,24
24,24
24,24
24,24
24,24
35,24
24,24
24,24
24,24
24,24
24,24
24,24
24,24
25,24
24,24
24,24
8,24
24,24
24,24
24,24
24,24
24,24
24,24
24,24
24,24
24,24
9,24
24,24
24,24
24,24
24,24
24,24
24,24
35,24
35,24
24,24
29,24
24,24
24,24
24,24
24,24
24,24
35,24
24,24
24,24
8,24
24,24
24,24
24,24
24,24
24,24
24,24
24,24
24,24
24,24
24,24
24,24
24,24
24,24
24,24
24,24
24,24
24,24
24,24
24,24
24,24
24,24
24,24
24,24
24,24
24,24
24,24
24,24
24,24
24,24
24,24
24,24
24,24
24,24
24,24
24,24
24,24
24,24
24,24
24,24
17,24
24,24
24,24
24,24
24,24
24,24
24,24
24,24
24,24
24,24
24,24
24,24
24,24
24,24
24,24
24,24
24,24
24,24
24,24
24,24
24,24
24,24
28,24
10,24
24,24
24,24
24,24
24,24
24,24
24,24
24,24
24,24
24,24
24,24
24,24
13,24
24,24
24,24
11,24
24,24
24,24
24,24
24,24
24,24
24,24
24,24
24,24
24,24
24,24
11,24
20,24
28,24
25,24
24,24
24,24
24,24
24,24
24,24
24,24
35,24
24,24
24,24
24,24
24,24
24,24
24,24
24,24
24,24
24,24
24,24
24,24
24,24
24,24
24,24
24,24
24,24
24,24
24,24
24,24
24,24
24,24
24,24
24,24
24,24
24,24
24,24
24,24
24,24
24,24
24,24
24,24
24,24
24,24
24,24
24,24
24,24
24,24
24,24
24,24
24,24
24,24
10,24
24,24
24,24
24,24
24,24
24,24
24,24
35,24
24,24
24,24
26,24
24,24
24,24
24,24
24,24
24,24
10,24
24,24
24,24
24,24
26,24
24,24
24,24
24,24
27,24
8,24
24,24
24,24
24,24
24,24
1,24
24,24
24,24
24,24
24,24
24,24
24,24
24,24
25,25
25,25
25,25
25,25
35,25
25,25
8,25
25,25
24,25
25,25
25,25
35,25
25,25
25,25
27,25
25,25
25,25
25,25
25,25
27,25
25,25
25,25
12,25
25,25
25,25
29,25
25,25
25,25
29,25
19,25
25,25
25,25
12,25
27,25
25,25
25,25
30,25
25,25
25,25
25,25
25,25
27,25
25,25
25,25
24,25
25,25
25,25
11,25
25,25
25,25
25,25
25,25
25,25
35,25
25,25
25,25
25,25
25,25
24,25
25,25
25,25
25,25
25,25
25,25
24,25
25,25
25,25
25,25
25,25
25,25
35,25
25,25
11,25
25,25
25,25
28,25
25,25
25,25
25,25
25,25
25,25
25,25
25,25
25,25
25,25
25,25
25,25
25,25
25,25
23,25
25,25
25,25
25,25
25,25
25,25
25,25
25,25
25,25
25,25
25,25
25,25
24,25
25,25
25,25
25,25
25,25
25,25
25,25
35,25
25,25
29,25
25,25
25,25
25,25
24,25
25,25
25,25
25,25
25,25
24,25
25,25
25,25
31,25
25,25
25,25
26,25
25,25
4,25
25,25
27,25
25,25
25,25
25,25
25,25
35,25
25,25
11,25
25,25
25,25
25,25
25,25
25,25
22,25
25,25
25,25
35,25
25,25
25,25
25,25
25,25
25,25
25,25
25,25
25,25
35,25
25,25
25,25
25,25
25,25
25,25
25,25
25,25
25,25
25,25
25,25
25,25
25,25
25,25
25,25
25,25
25,25
25,25
25,25
35,25
25,25
25,25
25,25
25,25
25,25
25,25
25,25
25,25
25,25
25,25
25,25
25,25
25,25
30,25
25,25
19,25
25,25
25,25
25,25
25,25
11,25
25,25
25,25
25,25
25,25
30,25
25,25
25,25
26,26
26,26
26,26
26,26
7,26
26,26
26,26
24,26
26,26
26,26
31,26
26,26
26,26
26,26
24,26
26,26
26,26
26,26
26,26
26,26
26,26
26,26
26,26
26,26
26,26
26,26
26,26
26,26
26,26
26,26
7,26
26,26
26,26
26,26
26,26
26,26
26,26
26,26
26,26
26,26
26,26
16,26
26,26
26,26
26,26
26,26
26,26
26,26
26,26
26,26
6,26
26,26
26,26
26,26
26,26
26,26
26,26
26,26
26,26
26,26
26,26
26,26
26,26
24,26
26,26
26,26
26,26
26,26
26,26
26,26
26,26
26,26
26,26
26,26
26,26
26,26
26,26
26,26
26,26
26,26
26,26
26,26
26,26
26,26
26,26
26,26
26,26
26,26
26,26
26,26
26,26
26,26
26,26
26,26
26,26
26,26
26,26
26,26
26,26
26,26
26,26
26,26
30,26
26,26
26,26
6,26
26,26
26,26
26,26
20,26
26,26
26,26
26,26
26,26
26,26
26,26
26,26
26,26
26,26
31,26
7,26
26,26
31,26
26,26
26,26
26,26
26,26
35,26
26,26
26,26
26,26
26,26
21,26
26,26
26,26
26,26
26,26
26,26
26,26
7,26
26,26
26,26
26,26
26,26
26,26
26,26
26,26
26,26
26,26
26,26
26,26
26,26
26,26
8,26
26,26
26,26
26,26
26,26
26,26
26,26
26,26
26,26
26,26
26,26
31,26
26,26
26,26
26,26
26,26
26,26
26,26
26,26
26,26
26,26
26,26
26,26
26,26
26,26
26,26
26,26
26,26
26,26
26,26
26,26
26,26
26,26
26,26
26,26
26,26
26,26
26,26
26,26
26,26
26,26
26,26
26,26
26,26
26,26
26,26
26,26
26,26
26,26
26,26
4,26
26,26
26,26
26,26
26,26
26,26
30,26
24,26
4,26
26,26
26,26
34,26
26,26
26,26
26,26
26,26
26,26
26,26
30,26
26,26
26,26
26,26
26,26
26,26
26,26
26,26
26,26
26,26
26,26
26,26
26,26
26,26
26,26
26,26
26,26
26,26
7,26
34,26
26,26
26,26
26,26
26,26
26,26
26,26
26,26
26,26
26,26
26,26
26,26
26,26
26,26
26,26
26,26
26,26
26,26
26,26
26,26
26,26
26,26
26,26
26,26
26,26
21,26
26,26
26,26
26,26
26,26
26,26
7,26
26,26
26,26
26,26
26,26
26,26
16,26
20,26
26,26
26,26
26,26
26,26
26,26
26,26
26,26
26,26
26,26
26,26
26,26
26,26
26,26
26,26
7,26
26,26
26,26
26,26
26,26
26,26
26,26
26,26
26,26
26,26
26,26
26,26
26,26
26,26
26,26
26,26
26,26
26,26
26,26
26,26
26,26
26,26
26,26
26,26
26,26
26,26
26,26
26,26
26,26
26,26
26,26
26,26
26,26
26,26
26,26
26,26
26,26
26,26
7,26
26,26
26,26
26,26
26,26
26,26
26,26
26,26
26,26
28,26
26,26
26,26
26,26
26,26
26,26
26,26
26,26
26,26
26,26
26,26
26,26
16,26
26,26
26,26
26,26
26,26
26,26
26,26
26,26
26,26
26,26
26,26
26,26
26,26
26,26
26,26
26,26
26,26
26,26
26,26
26,26
26,26
26,26
26,26
26,26
26,26
27,26
26,26
26,26
26,26
24,26
26,26
26,26
26,26
26,26
25,27
27,27
27,27
27,27
27,27
27,27
27,27
27,27
27,27
27,27
27,27
27,27
27,27
27,27
27,27
27,27
27,27
27,27
27,27
27,27
27,27
27,27
27,27
24,27
27,27
30,27
27,27
27,27
27,27
27,27
27,27
27,27
27,27
27,27
27,27
27,27
27,27
27,27
27,27
27,27
27,27
27,27
27,27
27,27
27,27
27,27
30,27
27,27
27,27
27,27
27,27
27,27
27,27
27,27
27,27
27,27
27,27
27,27
27,27
27,27
27,27
27,27
27,27
27,27
27,27
27,27
27,27
27,27
27,27
27,27
27,27
27,27
27,27
27,27
27,27
27,27
27,27
27,27
27,27
27,27
27,27
27,27
11,27
27,27
27,27
27,27
27,27
27,27
12,27
25,27
6,27
27,27
11,27
27,27
35,27
27,27
27,27
27,27
27,27
30,27
27,27
27,27
14,27
27,27
27,27
27,27
27,27
27,27
27,27
27,27
27,27
4,27
32,27
27,27
27,27
27,27
5,27
27,27
27,27
27,27
27,27
27,27
27,27
11,27
27,27
27,27
31,27
27,27
27,27
27,27
27,27
27,27
27,27
27,27
27,27
5,27
27,27
27,27
27,27
8,27
27,27
27,27
32,27
27,27
27,27
27,27
27,27
31,27
27,27
27,27
27,27
27,27
27,27
27,27
27,27
27,27
27,27
30,27
4,27
27,27
27,27
12,27
27,27
27,27
27,27
27,27
27,27
27,27
31,27
27,27
27,27
27,27
27,27
27,27
27,27
27,27
11,27
27,27
27,27
24,27
27,27
27,27
27,27
27,27
27,27
31,27
31,27
31,27
27,27
27,27
27,27
27,27
27,27
27,27
27,27
27,27
27,27
27,27
27,27
27,27
27,27
27,27
27,27
27,27
27,27
27,27
27,27
27,27
27,27
27,27
27,27
26,27
4,27
27,27
27,27
31,27
27,27
27,27
27,27
27,27
27,27
27,27
27,27
27,27
27,27
27,27
27,27
27,27
24,27
27,27
27,27
27,27
27,27
19,27
27,27
27,27
27,27
2,27
27,27
27,27
27,27
27,27
27,27
27,27
5,27
27,27
27,27
27,27
27,27
27,27
27,27
27,27
27,27
27,27
27,27
27,27
27,27
27,27
27,27
27,27
25,27
27,27
27,27
27,27
4,27
27,27
27,27
27,27
27,27
27,27
27,27
27,27
27,27
27,27
27,27
27,27
27,27
27,27
27,27
27,27
27,27
27,27
27,27
27,27
31,27
27,27
27,27
27,27
27,27
27,27
27,27
27,27
27,27
27,27
27,27
27,27
27,27
27,27
27,27
27,27
27,27
27,27
27,27
27,27
27,27
27,27
27,27
27,27
27,27
27,27
27,27
27,27
27,27
27,27
27,27
24,27
27,27
27,27
27,27
27,27
9,27
27,27
27,27
27,27
27,27
27,27
27,27
27,27
27,27
27,27
27,27
27,27
27,27
27,27
4,27
27,27
27,27
27,27
27,27
27,27
31,27
27,27
27,27
27,27
27,27
27,27
27,27
27,27
27,27
27,27
27,27
27,27
27,27
27,27
27,27
27,27
27,27
27,27
27,27
27,27
27,27
27,27
27,27
27,27
27,27
27,27
27,27
4,27
27,27
27,27
27,27
27,27
27,27
27,27
27,27
27,27
27,27
27,27
27,27
27,27
27,27
27,27
27,27
27,27
27,27
27,27
27,27
28,28
28,28
28,28
28,28
28,28
22,28
18,28
13,28
28,28
35,28
28,28
28,28
28,28
28,28
28,28
28,28
28,28
28,28
28,28
28,28
30,28
28,28
28,28
8,28
28,28
23,28
28,28
28,28
4,28
28,28
28,28
28,28
28,28
28,28
28,28
28,28
21,28
23,28
35,28
28,28
28,28
28,28
28,28
28,28
28,28
28,28
28,28
28,28
28,28
28,28
28,28
29,28
29,28
28,28
28,28
28,28
28,28
28,28
28,28
28,28
28,28
28,28
28,28
28,28
28,28
28,28
28,28
28,28
30,28
28,28
28,28
30,28
28,28
28,28
30,28
30,28
28,28
28,28
28,28
28,28
28,28
28,28
28,28
30,28
30,28
28,28
28,28
28,28
28,28
28,28
28,28
28,28
28,28
11,28
11,28
28,28
28,28
28,28
24,28
28,28
29,28
28,28
28,28
28,28
28,28
28,28
28,28
30,28
28,28
28,28
7,28
28,28
28,28
20,28
28,28
28,28
23,28
11,28
28,28
28,28
28,28
28,28
28,28
28,28
28,28
28,28
28,28
28,28
28,28
28,28
28,28
7,28
28,28
28,28
28,28
12,28
28,28
34,28
28,28
28,28
35,28
24,28
22,28
28,28
28,28
30,28
28,28
30,28
28,28
12,28
11,28
28,28
28,28
28,28
30,28
28,28
28,28
26,28
28,28
23,28
30,28
28,28
18,28
28,28
28,28
29,28
28,28
20,28
30,28
29,28
28,28
28,28
28,28
28,28
28,28
28,28
28,28
28,28
28,28
28,28
28,28
28,28
28,28
28,28
30,28
21,28
28,28
28,28
29,28
28,28
28,28
28,28
28,28
28,28
28,28
28,28
29,28
28,28
28,28
15,28
28,28
28,28
28,28
30,28
28,28
28,28
28,28
28,28
30,28
30,28
30,28
28,28
2,28
28,28
28,28
30,28
28,28
28,28
28,28
28,28
28,28
28,28
28,28
28,28
35,28
28,28
28,28
28,28
28,28
28,28
28,28
28,28
28,28
28,28
28,28
30,28
28,28
28,28
28,28
28,28
7,28
28,28
28,28
25,28
35,28
28,28
28,28
28,28
28,28
28,28
29,28
28,28
28,28
11,28
28,28
7,28
28,28
29,28
28,28
28,28
28,28
22,28
28,28
28,28
29,28
24,28
28,28
18,28
28,28
28,28
28,28
28,28
30,28
28,28
28,28
28,28
28,28
28,28
28,28
28,28
2,28
30,28
28,28
28,28
13,28
11,28
28,28
28,28
28,28
29,28
28,28
28,28
9,28
28,28
28,28
28,28
28,28
30,28
28,28
28,28
28,28
29,28
28,28
28,28
28,28
28,28
23,28
28,28
28,28
30,28
28,28
28,28
28,28
28,28
28,28
28,28
28,28
28,28
28,28
28,28
28,28
28,28
28,28
3,28
28,28
28,28
30,28
28,28
29,28
8,28
28,28
28,28
28,28
35,28
6,28
21,28
28,28
21,28
28,28
28,28
28,28
23,28
28,28
28,28
28,28
28,28
30,28
28,28
30,28
29,28
12,28
30,28
28,28
28,28
28,28
28,28
28,28
28,28
28,28
28,28
28,28
28,28
28,28
28,28
28,28
28,28
28,28
24,28
28,28
18,28
28,28
28,28
35,29
29,29
29,29
29,29
29,29
7,29
25,29
29,29
2,29
29,29
29,29
28,29
29,29
29,29
7,29
30,29
32,29
29,29
29,29
28,29
24,29
28,29
29,29
29,29
29,29
28,29
29,29
29,29
28,29
29,29
35,29
29,29
30,29
29,29
29,29
29,29
29,29
29,29
29,29
29,29
29,29
29,29
29,29
29,29
25,29
29,29
29,29
24,29
30,29
29,29
28,29
30,29
29,29
29,29
11,29
29,29
28,29
29,29
29,29
11,29
29,29
28,29
29,29
29,29
29,29
29,29
29,29
29,29
29,29
29,29
29,29
29,29
28,29
29,29
29,29
29,29
29,29
29,29
28,29
29,29
28,29
29,29
29,29
29,29
29,29
29,29
30,29
29,29
29,29
29,29
28,29
29,29
29,29
29,29
28,29
29,29
29,29
29,29
29,29
30,29
29,29
18,29
29,29
2,29
28,29
28,29
29,29
29,29
29,29
29,29
29,29
28,29
5,29
29,29
29,29
29,29
28,29
29,29
28,29
29,29
28,29
28,29
4,29
30,29
29,29
29,29
29,29
28,29
29,29
29,29
29,29
28,29
28,29
28,29
29,29
29,29
24,29
29,29
29,29
29,29
29,29
30,29
4,29
10,29
30,29
29,29
29,29
29,29
29,29
29,29
29,29
29,29
29,29
7,29
28,29
29,29
29,29
30,29
29,29
29,29
29,29
29,29
30,29
29,29
29,29
28,29
7,29
28,29
29,29
29,29
16,29
29,29
29,29
28,29
29,29
8,29
6,30
30,30
30,30
30,30
28,30
30,30
30,30
30,30
29,30
30,30
30,30
30,30
30,30
30,30
30,30
30,30
30,30
30,30
30,30
30,30
30,30
30,30
30,30
12,30
30,30
30,30
30,30
30,30
30,30
30,30
29,30
5,30
30,30
30,30
30,30
30,30
28,30
30,30
30,30
30,30
30,30
30,30
30,30
6,30
30,30
24,30
30,30
30,30
30,30
30,30
11,30
12,30
30,30
30,30
12,30
30,30
30,30
30,30
28,30
28,30
30,30
30,30
30,30
30,30
30,30
30,30
29,30
30,30
30,30
30,30
30,30
30,30
19,30
30,30
30,30
30,30
30,30
30,30
30,30
30,30
35,30
28,30
25,30
30,30
30,30
30,30
30,30
30,30
30,30
30,30
28,30
30,30
30,30
30,30
30,30
30,30
30,30
30,30
30,30
30,30
30,30
30,30
30,30
29,30
21,30
30,30
30,30
30,30
30,30
30,30
28,30
30,30
30,30
30,30
30,30
30,30
31,30
30,30
30,30
25,30
30,30
28,30
30,30
30,30
30,30
6,30
30,30
30,30
30,30
30,30
12,30
30,30
28,30
30,30
30,30
30,30
30,30
30,30
30,30
30,30
30,30
30,30
11,30
30,30
30,30
30,30
30,30
30,30
12,30
11,30
30,30
30,30
30,30
30,30
35,30
30,30
30,30
29,30
29,30
30,30
29,30
30,30
30,30
30,30
30,30
30,30
30,30
30,30
30,30
30,30
30,30
12,30
30,30
35,30
30,30
30,30
12,30
30,30
28,30
30,30
30,30
28,30
30,30
30,30
30,30
30,30
30,30
30,30
30,30
30,30
35,30
35,30
30,30
30,30
19,30
30,30
30,30
30,30
30,30
7,30
30,30
28,30
30,30
30,30
20,30
30,30
30,30
30,30
30,30
30,30
30,30
30,30
30,30
29,30
30,30
30,30
30,30
30,30
30,30
35,30
30,30
30,30
30,30
30,30
11,30
30,30
7,30
28,30
30,30
12,30
30,30
30,30
30,30
11,30
30,30
30,30
30,30
30,30
30,30
30,30
30,30
30,30
30,30
29,30
29,30
30,30
30,30
30,30
30,30
30,30
28,30
29,30
30,30
35,30
30,30
30,30
30,30
30,30
30,30
30,30
30,30
30,30
30,30
35,30
29,30
30,30
30,30
31,30
30,30
30,30
30,30
28,30
30,30
30,30
30,30
30,30
7,30
35,30
30,30
30,30
30,30
30,30
30,30
4,30
31,30
30,30
30,30
30,30
30,30
30,30
30,30
30,30
30,30
30,30
30,30
30,30
30,30
30,30
30,30
30,30
30,30
30,30
30,30
30,30
30,30
30,30
7,30
30,30
25,30
30,30
30,30
12,30
30,30
30,30
30,30
30,30
12,30
12,30
30,30
30,30
30,30
30,30
30,30
30,30
35,30
30,30
21,30
30,30
30,30
30,30
30,30
30,30
6,30
30,30
30,30
30,30
30,30
30,30
30,30
30,30
11,30
30,30
30,30
4,30
30,30
30,30
30,30
30,30
30,30
30,30
30,30
30,30
30,30
30,30
30,30
30,30
30,30
30,30
30,30
30,30
30,30
30,30
30,30
35,30
30,30
30,30
30,30
30,30
30,30
30,30
30,30
30,30
30,30
30,30
30,30
30,30
30,30
30,30
27,30
30,30
17,30
28,30
30,30
30,30
30,30
30,30
30,30
30,30
31,31
20,31
31,31
31,31
31,31
23,31
31,31
31,31
31,31
4,31
31,31
23,31
33,31
31,31
31,31
31,31
31,31
31,31
31,31
31,31
31,31
31,31
31,31
31,31
31,31
31,31
31,31
31,31
7,31
23,31
31,31
7,31
31,31
31,31
31,31
31,31
31,31
31,31
31,31
31,31
31,31
31,31
31,31
21,31
31,31
31,31
31,31
31,31
7,31
31,31
31,31
31,31
31,31
13,31
31,31
31,31
20,31
31,31
31,31
31,31
31,31
21,31
31,31
31,31
31,31
28,31
16,31
31,31
31,31
31,31
31,31
31,31
31,31
31,31
31,31
31,31
16,31
31,31
31,31
31,31
31,31
20,31
31,31
31,31
31,31
31,31
31,31
20,31
16,31
31,31
2,31
31,31
31,31
31,31
31,31
31,31
31,31
31,31
31,31
31,31
20,31
31,31
31,31
20,31
31,31
16,31
31,31
31,31
21,31
31,31
31,31
31,31
31,31
31,31
31,31
2,31
31,31
31,31
31,31
31,31
27,31
20,31
31,31
31,31
31,31
31,31
31,31
14,31
20,31
31,31
13,31
31,31
31,31
34,31
31,31
21,31
31,31
31,31
7,31
31,31
31,31
31,31
31,31
31,31
31,31
5,31
12,31
31,31
21,31
12,31
31,31
31,31
31,31
31,31
31,31
31,31
31,31
31,31
31,31
31,31
31,31
31,31
31,31
16,31
31,31
31,31
31,31
31,31
31,31
31,31
31,31
20,31
12,31
31,31
27,31
31,31
31,31
31,31
31,31
4,31
31,31
31,31
20,31
13,31
12,31
31,31
31,31
31,31
31,31
31,31
7,31
31,31
31,31
16,31
31,31
31,31
31,31
30,31
31,31
31,31
20,31
31,31
31,31
22,31
11,31
31,31
31,31
7,31
16,31
31,31
31,31
31,31
31,31
31,31
31,31
31,31
12,31
31,31
31,31
13,31
31,31
31,31
23,31
20,31
31,31
31,31
20,31
31,31
31,31
20,31
31,31
31,31
31,31
31,31
31,31
31,31
31,31
31,31
31,31
31,31
31,31
31,31
31,31
31,31
31,31
31,31
31,31
31,31
31,31
2,31
31,31
31,31
31,31
31,31
31,31
31,31
12,31
31,31
21,31
31,31
31,31
22,31
31,31
31,31
31,31
31,31
4,31
31,31
31,31
31,31
20,31
31,31
31,31
31,31
5,31
31,31
31,31
31,31
31,31
31,31
31,31
4,31
31,31
31,31
6,31
4,31
31,31
31,31
31,31
31,31
31,31
31,31
31,31
2,31
31,31
31,31
31,31
31,31
31,31
31,31
31,31
31,31
31,31
31,31
31,31
31,31
31,31
22,31
31,31
31,31
20,31
31,31
31,31
31,31
31,31
31,31
31,31
31,31
31,31
27,31
31,31
31,31
31,31
31,31
31,31
20,31
31,31
31,31
31,31
20,31
31,31
31,31
31,31
31,31
1,31
31,31
30,31
31,31
31,31
31,31
31,31
31,31
31,31
31,31
30,31
12,31
31,31
31,31
2,31
31,31
8,31
31,31
31,31
31,31
31,31
20,31
31,31
31,31
31,31
31,31
31,31
5,31
31,31
31,31
20,31
31,31
31,31
31,31
31,31
31,31
31,31
16,31
32,32
32,32
32,32
32,32
32,32
32,32
32,32
30,32
32,32
35,32
32,32
32,32
32,32
32,32
32,32
32,32
32,32
32,32
32,32
28,32
6,32
32,32
32,32
32,32
32,32
32,32
30,32
32,32
32,32
18,32
32,32
32,32
32,32
32,32
32,32
32,32
6,32
32,32
32,32
32,32
32,32
32,32
32,32
32,32
32,32
32,32
32,32
32,32
32,32
32,32
32,32
32,32
32,32
32,32
32,32
32,32
32,32
3,32
32,32
34,32
32,32
32,32
28,32
32,32
32,32
32,32
32,32
32,32
32,32
32,32
22,32
32,32
28,32
32,32
32,32
32,32
32,32
32,32
32,32
32,32
28,32
32,32
32,32
32,32
32,32
34,32
32,32
32,32
32,32
32,32
19,32
32,32
32,32
32,32
32,32
32,32
32,32
32,32
32,32
32,32
32,32
32,32
32,32
32,32
32,32
32,32
32,32
32,32
32,32
32,32
16,32
32,32
32,32
32,32
32,32
32,32
32,32
32,32
32,32
35,32
32,32
35,32
32,32
32,32
32,32
28,32
32,32
32,32
32,32
32,32
32,32
32,32
32,32
3,32
32,32
7,32
32,32
32,32
32,32
32,32
32,32
32,32
35,32
22,32
32,32
32,32
32,32
32,32
32,32
32,32
32,32
32,32
32,32
32,32
32,32
32,32
32,32
32,32
32,32
23,33
33,33
33,33
33,33
33,33
33,33
33,33
6,33
33,33
22,33
19,33
33,33
33,33
33,33
33,33
33,33
33,33
33,33
33,33
33,33
22,33
33,33
22,33
19,33
33,33
22,33
33,33
33,33
33,33
22,33
33,33
22,33
33,33
33,33
22,33
33,33
33,33
33,33
18,33
33,33
22,33
33,33
23,33
33,33
33,33
33,33
33,33
33,33
33,33
33,33
33,33
33,33
33,33
19,33
33,33
23,33
33,33
33,33
33,33
33,33
22,33
33,33
19,33
33,33
33,33
19,33
33,33
33,33
33,33
19,33
33,33
17,33
18,33
33,33
33,33
22,33
8,33
6,33
33,33
19,33
33,33
33,33
22,33
33,33
33,33
33,33
33,33
33,33
21,33
15,33
19,33
33,33
33,33
33,33
33,33
18,33
33,33
9,33
22,33
33,33
33,33
22,33
33,33
33,33
33,33
33,33
33,33
33,33
33,33
35,33
12,33
33,33
33,33
33,33
33,33
33,33
12,33
12,33
18,33
6,33
22,33
33,33
33,33
33,33
33,33
22,33
33,33
12,33
18,33
15,33
22,33
12,33
33,33
33,33
33,33
33,33
33,33
33,33
33,33
21,33
33,33
22,33
33,33
33,33
33,33
33,33
33,33
33,33
33,33
22,33
33,33
33,33
33,33
10,33
33,33
19,33
8,33
33,33
19,33
33,33
33,33
33,33
33,33
33,33
33,33
33,33
33,33
6,33
19,33
33,33
33,33
33,33
5,33
33,33
18,33
33,33
33,33
33,33
33,33
15,33
33,33
5,33
33,33
33,33
33,33
33,33
33,33
22,33
33,33
34,33
33,33
28,33
33,33
33,33
33,33
33,33
33,33
33,33
19,33
33,33
18,33
33,33
33,33
12,33
33,33
33,33
33,33
18,33
33,33
18,33
33,33
23,33
33,33
34,34
34,34
34,34
34,34
34,34
20,34
34,34
34,34
34,34
34,34
34,34
34,34
34,34
34,34
34,34
34,34
34,34
34,34
34,34
34,34
34,34
34,34
34,34
34,34
34,34
34,34
34,34
34,34
34,34
34,34
34,34
34,34
34,34
34,34
34,34
34,34
34,34
34,34
34,34
7,34
34,34
15,34
16,34
34,34
34,34
34,34
34,34
34,34
34,34
34,34
34,34
34,34
34,34
34,34
34,34
34,34
34,34
34,34
34,34
34,34
34,34
34,34
34,34
34,34
34,34
34,34
20,34
34,34
34,34
34,34
34,34
34,34
34,34
34,34
34,34
34,34
34,34
34,34
34,34
34,34
34,34
34,34
5,34
34,34
34,34
16,34
19,34
34,34
34,34
34,34
34,34
34,34
34,34
34,34
34,34
34,34
34,34
34,34
16,34
34,34
34,34
34,34
34,34
34,34
34,34
34,34
34,34
34,34
34,34
34,34
34,34
34,34
16,34
34,34
34,34
34,34
34,34
34,34
34,34
34,34
34,34
34,34
34,34
34,34
34,34
34,34
34,34
7,34
34,34
34,34
16,34
34,34
7,34
34,34
34,34
34,34
31,34
34,34
34,34
34,34
34,34
34,34
34,34
34,34
20,34
34,34
34,34
34,34
20,34
34,34
34,34
34,34
34,34
34,34
34,34
34,34
34,34
34,34
34,34
34,34
34,34
33,34
34,34
34,34
18,34
34,34
34,34
34,34
34,34
34,34
34,34
16,34
16,34
34,34
34,34
34,34
34,34
34,34
34,34
34,34
34,34
34,34
4,34
34,34
7,34
34,34
34,34
14,34
34,34
34,34
14,34
34,34
34,34
34,34
34,34
34,34
34,34
34,34
34,34
34,34
16,34
34,34
34,34
34,34
34,34
34,34
34,34
34,34
34,34
34,34
34,34
34,34
34,34
34,34
34,34
34,34
34,34
34,34
34,34
34,34
34,34
34,34
34,34
34,34
34,34
34,34
34,34
34,34
26,34
34,34
34,34
34,34
34,34
34,34
34,34
34,34
34,34
34,34
16,34
34,34
34,34
34,34
34,34
34,34
34,34
34,34
34,34
34,34
34,34
34,34
34,34
34,34
34,34
34,34
34,34
7,34
34,34
34,34
34,34
34,34
34,34
34,34
34,34
34,34
34,34
34,34
34,34
34,34
34,34
16,34
34,34
34,34
34,34
34,34
34,34
17,34
34,34
34,34
34,34
34,34
34,34
34,34
34,34
34,34
34,34
34,34
34,34
34,34
4,34
34,34
34,34
34,34
34,34
34,34
34,34
34,34
34,34
34,34
34,34
34,34
34,34
34,34
34,34
34,34
18,34
34,34
34,34
4,34
34,34
34,34
34,34
34,34
34,34
20,34
34,34
34,34
34,34
34,34
34,34
34,34
34,34
34,34
2,34
34,34
34,34
34,34
34,34
34,34
34,34
34,34
34,34
34,34
34,34
34,34
34,34
34,34
34,34
34,34
16,34
34,34
23,34
34,34
16,34
34,34
34,34
34,34
34,34
34,34
34,34
34,34
34,34
34,34
34,34
34,34
34,34
34,34
34,34
34,34
34,34
34,34
34,34
34,34
16,34
34,34
34,34
34,34
34,34
34,34
34,34
15,34
34,34
34,34
30,34
34,34
34,34
34,34
16,34
34,34
16,34
34,34
34,34
11,34
34,34
34,34
34,34
8,34
34,34
34,34
34,34
34,34
34,34
34,34
34,34
34,34
34,34
34,34
34,34
34,34
16,34
34,34
34,34
34,34
34,34
34,34
35,35
35,35
35,35
35,35
35,35
35,35
35,35
35,35
35,35
32,35
35,35
24,35
15,35
35,35
35,35
35,35
35,35
30,35
35,35
35,35
35,35
35,35
35,35
19,35
3,35
35,35
35,35
24,35
35,35
35,35
35,35
24,35
35,35
35,35
35,35
35,35
31,35
35,35
35,35
35,35
30,35
24,35
11,35
35,35
22,35
35,35
35,35
35,35
35,35
35,35
35,35
35,35
35,35
35,35
35,35
35,35
28,35
35,35
35,35
35,35
24,35
35,35
35,35
35,35
35,35
24,35
35,35
35,35
6,35
35,35
35,35
35,35
35,35
35,35
35,35
28,35
26,35
35,35
35,35
35,35
35,35
35,35
35,35
6,35
35,35
35,35
24,35
35,35
32,35
35,35
35,35
35,35
35,35
35,35
25,35
35,35
35,35
35,35
35,35
35,35
28,35
35,35
35,35
35,35
35,35
35,35
35,35
28,35
30,35
35,35
35,35
35,35
35,35
35,35
35,35
35,35
35,35
35,35
35,35
35,35
35,35
35,35
35,35
35,35
24,35
35,35
24,35
35,35
34,35
35,35
35,35
35,35
35,35
35,35
35,35
35,35
35,35
35,35
35,35
35,35
35,35
35,35
35,35
35,35
35,35
35,35
35,35
35,35
25,35
25,35
35,35
35,35
25,35
35,35
34,35
35,35
24,35
35,35
35,35
35,35
35,35
35,35
35,35
35,35
35,35
35,35
35,35
35,35
35,35
24,35
35,35
35,35
35,35
35,35
25,35
35,35
35,35
35,35
35,35
35,35
35,35
35,35
35,35
19,35
35,35
35,35
9,35
35,35
35,35
19,35
12,35
35,35
35,35
35,35
35,35
35,35
12,35
35,35
35,35
35,35
35,35
35,35
24,35
35,35
35,35
35,35
35,35
35,35
35,35
35,35
35,35
35,35
35,35
35,35
35,35
35,35
35,35
35,35
35,35
35,35
35,35
35,35
35,35
35,35
25,35
6,35
35,35
35,35
35,35
35,35
35,35
35,35
35,35
35,35
35,35
35,35
35,35
30,35
35,35
35,35
35,35
35,35
30,35
35,35
35,35
6,35
35,35
35,35
25,35
35,35
35,35
35,35
35,35
35,35
27,35
35,35
35,35
35,35
35,35
35,35
35,35
30,35
27,35
35,35
35,35
35,35
35,35
25,35
35,35
35,35
35,35
21,35
35,35
35,35
35,35
35,35
34,35
35,35
27,35
6,35
35,35
35,35
19,35
35,35
35,35
35,35
35,35
35,35
35,35
32,35
35,35
35,35
12,35
35,35
35,35
35,35
21,35
24,35
24,35
35,35
14,35
35,35
35,35
35,35
35,35
35,35
35,35
35,35
30,35
35,35
35,35
35,35
35,35
35,35
35,35
35,35
35,35
35,35
32,35
35,35
30,35
35,35
35,35
35,35
35,35
35,35
35,35
35,35
35,35
19,35
35,35
30,35
6,35
35,35
35,35
35,35
35,35
35,35
35,35
35,35
28,35
35,35
35,35
35,35
35,35
35,35
35,35
35,35
35,35
35,35
34,35
35,35
35,35
35,35
16,35
35,35
28,35
35,35
32,35
12,35
24,35
35,35
24,35
24,35
35,35
35,35
35,35
35,35
29,35
35,35
35,35
35,35
30,35
35,35
35,35
35,35
35,35
12,35
35,35
35,35
35,35
35,35
35,35
35,35
35,35
35,35
35,35
35,35
19,35
35,35
35,35
35,35
35,35
35,35
35,35
35,35
35,35
35,35
35,35
35,35
35,35
25,35
24,35
35,35
35,35
