true,pred
0,25
1,1
1,1
1,1
1,1
1,7
1,1
1,1
1,1
1,6
1,1
1,1
1,1
1,1
1,1
1,1
1,1
1,1
1,1
1,1
1,1
1,16
1,1
1,1
1,1
1,24
1,1
1,1
1,3
1,1
1,1
1,1
1,1
1,1
1,1
1,16
1,1
1,1
1,1
1,1
1,1
1,1
1,1
1,31
1,1
1,1
1,24
1,16
1,1
1,1
1,1
1,1
1,1
1,1
1,1
1,23
1,1
1,1
1,1
1,1
1,1
1,1
1,1
1,1
1,1
1,1
1,1
1,1
1,1
1,1
1,1
1,2
1,1
1,10
1,1
1,21
1,1
1,1
1,17
1,1
1,1
1,1
1,1
1,1
1,1
1,1
1,16
1,1
1,31
1,31
1,16
1,4
1,1
1,1
1,1
1,1
1,1
1,1
1,31
1,1
1,1
1,1
1,1
1,1
1,33
1,1
1,1
1,1
1,1
1,1
1,1
1,1
1,1
1,1
1,1
1,1
1,1
1,1
1,1
1,1
1,1
1,1
1,1
1,1
1,1
1,1
1,1
1,17
1,1
1,1
1,1
1,1
1,1
1,1
1,1
1,1
1,17
1,1
1,1
1,1
1,1
1,1
1,1
1,1
1,1
1,1
1,1
1,1
1,1
1,1
1,35
1,1
1,1
1,1
1,1
1,1
1,1
1,1
1,1
1,1
1,1
1,31
1,1
1,1
1,1
1,1
1,1
2,2
2,2
2,3
2,31
2,11
2,3
2,6
2,5
2,31
2,2
2,2
2,5
2,2
2,4
2,32
2,7
2,20
2,18
2,2
2,21
2,3
2,7
2,2
2,31
2,2
2,18
2,2
2,2
2,2
2,31
2,16
2,2
2,2
2,2
2,22
2,2
2,2
2,2
2,12
2,2
2,21
2,2
2,5
2,2
2,25
2,18
2,19
2,21
2,2
2,2
2,2
2,7
2,2
2,2
2,2
2,16
2,21
2,4
2,2
2,2
2,4
2,4
2,2
2,2
2,2
2,2
2,3
2,2
2,2
2,6
2,3
2,2
2,2
2,23
2,2
2,2
2,31
2,7
2,2
2,2
2,2
2,2
2,2
2,2
2,31
2,2
2,5
2,2
2,2
2,21
2,5
2,8
2,2
2,2
2,2
2,12
2,2
2,3
2,12
2,2
2,3
2,2
2,30
2,19
2,2
2,3
2,2
2,2
2,23
2,2
2,21
2,8
2,2
2,7
2,2
2,2
2,2
2,7
2,8
2,2
2,7
2,2
2,6
2,2
2,2
2,2
2,2
2,2
2,2
2,22
2,3
2,2
2,2
2,2
2,4
2,2
2,1
2,2
2,2
2,8
2,2
2,20
2,2
2,5
2,3
2,2
2,2
2,2
2,2
2,2
2,2
2,2
2,2
2,3
2,2
2,6
2,2
2,2
2,2
2,3
2,5
2,3
2,2
2,2
2,2
2,35
2,12
2,2
2,2
2,2
2,2
2,30
2,2
2,2
2,7
2,2
2,2
2,2
2,2
2,2
2,2
2,31
2,2
2,2
2,16
2,2
2,22
2,2
2,16
2,2
2,2
2,6
2,7
2,2
2,21
2,2
2,3
2,20
2,2
2,0
2,3
3,33
3,3
3,11
3,3
3,3
3,3
3,5
3,6
3,18
3,3
3,3
3,3
3,21
3,17
3,20
3,23
3,21
3,3
3,16
3,3
3,3
3,2
3,3
3,3
3,3
3,3
3,3
3,3
3,18
3,3
3,3
3,3
3,3
3,3
3,17
3,3
3,3
3,3
3,3
3,17
3,12
3,12
3,3
3,3
3,3
3,3
3,2
3,3
3,34
3,22
3,12
3,33
3,3
3,3
3,3
3,3
3,3
3,3
3,33
3,3
3,6
3,3
3,3
3,3
3,3
3,3
3,3
3,3
3,3
3,3
3,3
3,3
3,22
3,3
3,3
3,2
3,3
3,3
3,3
3,3
3,19
3,11
3,3
3,3
3,6
3,3
3,3
3,12
3,12
3,2
3,6
3,3
3,5
3,3
3,3
3,3
3,27
3,18
3,3
3,3
3,6
3,20
3,3
3,6
3,3
3,12
3,3
3,28
3,3
3,3
3,19
3,12
3,2
3,3
3,19
3,3
3,12
3,20
3,3
3,12
3,3
3,11
3,3
3,3
3,3
3,3
3,23
3,3
3,3
3,3
3,3
3,21
3,3
3,3
3,3
3,3
3,3
3,5
3,3
3,3
3,6
3,3
3,3
3,15
3,23
3,3
3,19
3,3
3,16
3,19
3,3
3,6
3,3
3,11
3,12
3,17
3,3
3,3
3,3
3,3
3,2
3,30
3,3
3,3
3,3
3,19
3,3
3,3
3,3
3,3
3,12
3,3
3,3
3,3
3,12
3,6
3,3
3,3
3,2
3,12
3,3
3,3
3,3
3,8
3,3
3,12
3,7
3,3
3,3
3,3
3,2
3,3
3,8
3,8
3,3
3,3
3,2
3,3
3,3
3,2
3,3
3,3
3,3
3,3
3,3
3,11
3,6
4,4
4,4
4,4
4,16
4,7
4,8
4,4
4,4
4,30
4,4
4,2
4,4
4,8
4,4
4,27
4,4
4,4
4,4
4,4
4,4
4,6
4,11
4,4
4,4
4,12
4,4
4,4
4,4
4,4
4,4
4,4
4,4
4,4
4,4
4,4
4,4
4,4
4,16
4,4
4,4
4,4
4,4
4,4
4,4
4,4
4,4
4,4
4,4
4,4
4,21
4,4
4,4
4,12
4,7
4,4
4,4
4,11
4,4
4,4
4,4
4,4
4,20
4,4
4,4
4,4
4,4
4,12
4,4
4,23
4,31
4,30
4,4
4,4
4,4
4,30
4,4
4,4
4,4
4,12
4,4
4,4
4,31
4,4
4,4
4,4
4,14
4,4
4,4
4,4
4,4
4,4
4,4
4,4
4,4
4,4
4,27
4,4
4,4
4,4
4,4
4,4
4,4
4,16
4,11
4,4
4,4
4,4
4,4
4,29
4,4
4,29
4,19
4,16
4,4
4,4
4,8
4,2
4,7
4,4
4,27
4,4
4,4
4,4
4,30
4,4
4,4
4,4
4,4
4,4
4,4
4,4
4,4
4,4
4,4
4,4
4,4
4,30
4,7
4,4
4,4
4,4
4,2
4,4
4,4
4,4
4,4
4,8
4,4
4,30
4,16
4,27
4,4
4,4
4,4
4,29
4,4
4,4
4,4
4,16
4,4
4,4
4,12
4,4
4,4
4,4
4,4
4,30
4,4
4,4
4,4
4,2
4,4
4,16
4,4
4,4
4,4
4,4
4,4
4,4
4,4
4,4
4,4
4,28
4,4
4,23
4,7
4,4
4,4
4,4
4,4
4,4
4,7
4,4
4,4
4,12
4,4
4,4
4,4
4,4
4,4
4,4
4,4
4,4
5,21
5,5
5,5
5,5
5,5
5,6
5,8
5,9
5,18
5,5
5,2
5,5
5,30
5,31
5,2
5,20
5,31
5,3
5,5
5,5
5,5
5,5
5,5
5,6
5,5
5,6
5,6
5,5
5,5
5,5
5,35
5,5
5,5
5,5
5,5
5,5
5,5
5,19
5,6
5,5
5,12
5,16
5,5
5,12
5,5
5,5
5,12
5,30
5,30
5,5
5,5
5,5
5,5
5,12
5,5
5,12
5,5
5,5
5,5
5,2
5,4
5,2
5,5
5,5
5,5
5,5
5,16
5,6
5,5
5,5
5,5
5,5
5,5
5,5
5,5
5,5
5,5
5,5
5,5
5,5
5,12
5,4
5,6
5,5
5,5
5,5
5,5
5,5
5,5
5,5
5,27
5,5
5,6
5,12
5,5
5,5
5,5
5,10
5,6
5,5
5,5
5,5
5,5
5,5
5,5
5,5
5,12
5,4
5,5
5,5
5,5
5,5
5,6
5,12
5,5
5,1
5,21
5,12
5,5
5,27
5,5
5,5
5,12
5,11
5,6
5,17
5,5
5,8
5,5
5,22
5,5
5,33
5,6
5,35
5,5
5,12
5,5
5,21
5,5
5,9
5,33
5,6
5,12
5,2
5,6
5,5
5,11
5,2
5,5
5,5
5,5
5,33
5,5
5,5
5,12
5,5
5,8
5,33
5,5
5,5
5,19
5,6
5,19
5,5
5,5
5,5
5,12
5,35
5,5
5,5
5,32
5,5
5,5
5,5
5,33
5,5
5,12
5,5
5,5
5,5
5,5
5,5
5,6
5,6
5,6
5,22
5,5
5,5
5,2
5,5
5,5
5,5
5,12
5,5
5,6
5,5
5,18
5,5
5,5
5,5
5,12
5,5
5,5
5,5
5,5
5,5
5,12
5,12
5,5
5,5
5,5
5,6
5,5
6,7
6,19
6,12
6,6
6,6
6,12
6,6
6,6
6,12
6,6
6,12
6,5
6,5
6,12
6,6
6,12
6,6
6,6
6,22
6,6
6,6
6,19
6,6
6,6
6,6
6,21
6,6
6,6
6,6
6,6
6,6
6,6
6,2
6,6
6,6
6,6
6,3
6,5
6,6
6,28
6,19
6,22
6,6
6,8
6,6
6,6
6,6
6,28
6,30
6,6
6,6
6,6
6,6
6,21
6,6
6,21
6,2
6,6
6,6
6,24
6,6
6,6
6,6
6,6
6,6
6,6
6,6
6,6
6,12
6,6
6,6
6,21
6,31
6,6
6,6
6,21
6,6
6,6
6,5
6,6
6,6
6,12
6,6
6,19
6,6
6,6
6,6
6,4
6,6
6,12
6,6
6,6
6,6
6,6
6,5
6,4
6,21
6,21
6,6
6,12
6,6
6,6
6,6
6,6
6,6
6,6
6,6
6,3
6,24
6,6
6,6
6,12
6,6
6,29
6,6
6,16
6,6
6,6
6,20
6,18
6,12
6,8
6,33
6,6
6,30
6,19
6,21
6,12
6,20
6,3
6,28
6,6
6,6
6,6
6,6
6,6
6,6
6,6
6,21
6,6
6,15
6,6
6,6
6,18
6,12
6,19
6,6
6,6
6,6
6,12
6,6
6,6
6,6
6,6
6,5
6,12
6,6
6,6
6,6
6,6
6,20
6,6
6,6
6,6
6,6
6,6
6,12
6,22
6,21
6,4
6,6
6,6
6,6
6,6
6,6
6,6
6,6
6,6
6,6
6,6
6,6
6,6
6,6
6,6
6,12
6,12
6,6
6,7
6,6
6,6
6,6
6,9
6,6
6,6
6,21
6,6
6,6
6,6
6,15
6,6
6,18
6,21
6,6
6,6
6,6
6,6
6,12
6,6
6,2
6,6
6,6
6,6
6,2
6,6
6,6
6,6
6,6
6,6
6,6
6,6
6,6
6,12
6,22
6,6
6,4
6,6
6,6
6,6
6,6
6,19
6,6
6,12
6,6
6,6
6,6
6,31
6,6
6,6
6,6
6,6
6,6
6,2
6,33
6,6
6,6
6,18
6,6
6,19
6,6
6,30
6,6
6,6
6,5
6,6
6,6
6,21
6,6
6,6
6,6
6,6
6,6
6,6
6,6
6,6
6,6
6,6
6,6
6,4
6,6
6,6
6,6
6,6
6,19
6,6
6,6
6,6
6,18
6,22
6,6
6,12
6,6
6,6
6,6
6,12
6,12
6,6
6,6
6,35
6,6
6,6
6,6
6,6
6,6
6,6
6,6
6,6
6,6
6,22
6,19
6,6
6,6
6,6
6,6
6,6
6,6
6,6
6,5
6,5
6,5
6,6
6,6
6,18
6,6
6,6
6,6
6,6
6,6
6,6
6,15
6,6
6,6
6,6
6,6
6,6
6,35
6,6
6,6
6,6
6,6
6,5
6,6
6,6
6,6
6,6
6,5
6,6
6,12
6,6
6,6
6,12
6,12
6,6
6,3
6,2
6,6
6,6
6,6
6,6
6,5
6,5
6,6
6,6
6,6
6,18
6,6
6,6
6,6
6,6
6,6
6,6
6,6
6,6
6,6
6,6
6,6
6,6
6,6
6,6
6,6
6,6
6,6
6,6
6,6
6,6
6,6
6,6
6,21
6,6
6,6
6,6
6,6
6,19
6,19
6,6
6,19
6,6
6,12
6,6
6,6
6,4
6,18
7,28
7,7
7,7
7,7
7,7
7,7
7,7
7,7
7,7
7,7
7,7
7,7
7,2
7,20
7,7
7,7
7,7
7,7
7,7
7,7
7,7
7,7
7,7
7,7
7,7
7,7
7,7
7,7
7,31
7,7
7,7
7,7
7,22
7,7
7,7
7,7
7,7
7,7
7,7
7,7
7,34
7,7
7,7
7,7
7,7
7,7
7,7
7,19
7,7
7,7
7,7
7,7
7,7
7,7
7,7
7,7
7,7
7,7
7,7
7,7
7,7
7,7
7,7
7,7
7,7
7,7
7,7
7,7
7,7
7,7
7,7
7,7
7,7
7,7
7,7
7,3
7,30
7,7
7,7
7,7
7,7
7,7
7,7
7,7
7,7
7,7
7,7
7,7
7,7
7,7
7,7
7,7
7,7
7,7
7,7
7,7
7,7
7,7
7,23
7,7
7,7
7,12
7,7
7,7
7,4
7,7
7,7
7,34
7,7
7,7
7,7
7,7
7,7
7,7
7,7
7,7
7,7
7,7
7,7
7,2
7,7
7,7
7,7
7,7
7,7
7,7
7,7
7,19
7,7
7,7
7,7
7,30
7,7
7,7
7,7
7,7
7,7
7,7
7,7
7,7
7,7
7,7
7,7
7,7
7,2
7,7
7,7
7,23
7,7
7,7
7,7
7,7
7,31
7,28
7,7
7,7
7,12
7,7
7,7
7,30
7,2
7,7
7,7
7,6
7,28
7,7
7,7
7,30
7,7
7,7
7,7
7,7
7,7
7,7
7,7
7,7
7,7
7,7
7,28
7,7
7,7
7,7
7,7
7,32
7,7
7,7
7,7
7,7
7,7
7,7
7,7
7,23
7,7
7,34
7,7
7,7
7,7
7,7
7,7
7,30
7,7
7,7
7,7
7,7
7,7
7,7
7,7
7,7
7,23
7,7
7,7
7,29
7,7
7,7
7,7
7,35
7,7
7,7
7,7
7,7
7,7
7,7
7,7
7,7
7,17
7,7
7,7
7,26
7,7
7,7
7,7
7,7
7,7
7,4
7,7
7,7
7,7
7,7
7,7
7,7
7,7
7,7
7,7
7,7
7,7
7,7
7,7
7,7
7,7
7,7
7,30
7,7
7,7
7,23
7,23
7,2
7,7
7,7
7,28
7,7
7,7
7,7
7,7
7,31
7,7
7,7
7,7
7,34
7,7
7,7
7,7
7,7
7,7
7,7
7,7
7,7
7,4
7,7
7,7
7,7
7,7
7,7
7,7
7,7
7,34
7,7
7,7
7,23
7,7
7,7
7,7
7,7
7,11
7,7
7,7
7,7
7,7
7,7
7,7
7,7
7,7
7,7
7,7
7,13
7,7
7,7
7,7
7,7
7,7
7,7
7,7
7,16
7,7
7,7
7,2
7,7
7,7
7,7
7,7
7,7
7,15
7,7
7,28
7,7
7,7
7,7
7,7
7,7
7,7
7,7
7,7
7,7
7,4
7,28
7,4
7,7
7,7
7,7
7,7
7,34
7,7
7,7
7,7
7,7
7,7
7,7
7,7
7,7
7,7
7,12
7,7
7,7
7,19
7,7
7,7
7,7
7,7
7,7
7,4
7,7
7,7
7,7
7,7
7,7
7,7
7,7
7,7
7,7
7,7
7,7
7,7
7,7
7,7
7,23
7,7
7,7
7,7
7,18
7,7
8,8
8,8
8,8
8,8
8,8
8,8
8,8
8,8
8,9
8,8
8,8
8,8
8,8
8,8
8,20
8,8
8,11
8,8
8,10
8,8
8,21
8,8
8,8
8,21
8,8
8,8
8,8
8,8
8,8
8,8
8,21
8,8
8,4
8,8
8,8
8,8
8,8
8,21
8,8
8,20
8,8
8,8
8,8
8,8
8,8
8,8
8,8
8,8
8,8
8,8
8,8
8,8
8,21
8,8
8,9
8,1
8,8
8,8
8,21
8,8
8,34
8,8
8,8
8,8
8,8
8,8
8,8
8,8
8,8
8,28
8,28
8,8
8,8
8,20
8,8
8,31
8,12
8,8
8,8
8,8
8,8
8,8
8,8
8,8
8,8
8,11
8,8
8,8
8,23
8,8
8,8
8,8
8,8
8,8
8,8
8,12
8,8
8,7
8,8
8,8
8,8
8,8
8,6
8,8
8,8
8,8
8,8
8,8
8,26
8,8
8,8
8,8
8,27
8,8
8,8
8,8
8,8
8,8
8,8
8,28
8,20
8,8
8,8
8,8
8,28
8,8
8,8
8,8
8,8
8,8
8,8
8,21
8,8
8,8
8,8
8,8
8,8
8,8
8,8
8,10
8,22
8,8
8,8
8,18
8,8
8,8
8,8
8,8
8,14
8,8
8,8
8,8
8,8
8,8
8,8
8,8
8,8
8,8
8,8
8,8
8,8
8,8
8,8
8,8
8,21
8,8
8,8
8,8
8,4
8,8
8,33
8,8
8,8
8,8
8,8
8,8
8,23
8,10
8,8
8,8
8,17
8,8
8,21
8,8
8,8
8,6
8,23
8,8
8,8
8,8
8,10
8,8
8,8
8,8
8,8
8,8
8,8
8,33
8,21
8,8
8,8
8,30
8,2
8,11
8,8
8,8
8,8
8,8
8,8
8,9
8,8
8,8
8,27
8,8
8,8
8,8
8,8
8,8
8,18
8,5
8,8
8,8
8,8
8,8
8,8
8,24
8,8
8,5
8,6
8,8
8,23
8,11
8,20
8,8
8,8
8,8
8,8
8,8
8,8
8,8
8,8
8,8
8,11
8,21
8,8
8,8
8,8
8,21
8,8
8,8
8,30
8,35
8,8
8,8
8,8
8,3
8,24
8,3
8,24
8,8
8,21
8,8
8,8
8,8
8,8
8,28
8,33
8,8
8,8
8,8
8,8
8,5
8,8
8,12
8,21
8,8
8,8
8,8
8,11
8,8
8,4
8,8
8,8
8,8
8,8
8,10
8,10
8,8
8,8
8,8
8,8
8,8
8,8
8,2
8,8
8,8
8,8
8,8
8,8
8,8
8,8
8,8
8,8
8,8
8,8
8,8
8,8
8,22
8,21
8,8
8,8
8,8
8,8
8,8
8,8
8,8
8,8
8,28
8,8
8,8
8,8
8,8
8,6
8,8
8,8
8,8
8,8
8,21
8,8
8,8
8,8
8,8
8,31
8,8
8,8
8,22
8,8
8,5
8,8
8,8
8,8
8,8
8,8
8,8
8,8
8,20
8,8
8,8
8,8
8,8
8,11
8,8
8,8
8,8
8,9
8,8
8,8
8,21
8,6
8,8
8,8
8,8
8,8
8,21
8,8
8,8
8,8
8,8
8,8
8,2
8,8
8,8
8,8
8,8
8,23
8,8
8,8
8,8
8,8
8,8
8,8
8,8
8,8
8,6
8,8
8,8
8,8
8,8
8,9
8,21
8,8
8,8
8,3
8,8
8,9
8,8
8,8
8,8
8,6
8,6
8,8
8,8
8,8
8,8
8,6
9,8
9,9
9,9
9,9
9,9
9,10
9,9
9,9
9,18
9,9
9,9
9,9
9,9
9,9
9,10
9,9
9,10
9,8
9,9
9,8
9,8
9,11
9,10
9,9
9,30
9,24
9,9
9,9
9,9
9,9
9,9
9,21
9,9
9,10
9,9
9,9
9,9
9,9
9,35
9,9
9,10
9,9
9,21
9,9
9,10
9,10
9,11
9,30
9,9
9,9
9,9
9,33
9,10
9,11
9,11
9,10
9,9
9,10
9,24
9,9
9,9
9,9
9,9
9,9
9,9
9,9
9,8
9,8
9,10
9,8
9,9
9,9
9,9
9,9
9,9
9,9
9,9
9,9
9,8
9,9
9,11
9,9
9,30
9,9
9,10
9,11
9,9
9,8
9,9
9,9
9,9
9,3
9,11
9,9
9,8
9,9
9,9
9,9
9,28
9,10
9,9
9,11
9,28
9,10
9,11
9,9
9,10
9,9
9,9
9,12
9,11
9,9
9,9
9,8
9,8
9,9
9,9
9,9
9,9
9,9
9,19
9,10
9,9
9,9
9,10
9,11
9,11
9,9
9,9
9,9
9,9
9,9
9,9
9,9
9,8
9,9
9,9
9,9
9,10
9,8
9,11
9,8
9,8
9,9
9,6
9,9
9,9
9,11
9,9
9,28
9,9
9,12
9,9
9,9
9,6
9,10
9,24
9,35
10,10
10,10
10,10
10,10
10,10
10,10
10,10
10,11
10,11
10,9
10,30
10,30
10,10
10,10
10,10
10,10
10,11
10,11
10,10
10,10
10,10
10,9
10,10
10,8
10,9
10,10
10,10
10,10
10,10
10,24
10,10
10,11
10,3
10,11
10,9
10,10
10,10
10,11
10,30
10,9
10,24
10,10
10,11
10,4
10,9
10,10
10,10
10,10
10,10
10,24
10,21
10,10
10,10
10,24
10,9
10,10
10,11
10,11
10,9
10,10
10,10
10,10
10,10
10,10
10,10
10,8
10,10
10,17
10,9
10,10
10,10
10,9
10,10
10,10
10,10
10,11
10,11
10,10
10,10
10,21
10,35
10,10
10,11
10,10
10,9
10,10
10,10
10,11
10,11
10,10
10,8
10,10
10,24
10,10
10,11
10,12
10,10
10,10
10,9
10,24
10,10
10,10
10,10
10,10
10,10
10,11
10,10
10,26
10,10
10,10
10,10
10,11
10,11
10,9
10,10
10,9
10,10
10,10
10,10
10,10
10,24
10,10
10,10
10,10
10,9
10,10
10,30
10,10
10,10
10,10
10,24
10,10
10,10
10,10
10,10
10,11
10,10
10,10
10,27
10,9
10,10
10,10
10,8
10,10
10,10
10,10
10,11
10,10
10,12
10,10
10,9
10,9
10,10
10,10
10,11
11,11
11,11
11,21
11,11
11,11
11,11
11,17
11,11
11,11
11,8
11,11
11,8
11,25
11,11
11,11
11,10
11,11
11,11
11,11
11,12
11,35
11,8
11,11
11,3
11,9
11,11
11,11
11,12
11,11
11,10
11,11
11,11
11,10
11,11
11,11
11,11
11,3
11,11
11,11
11,11
11,11
11,8
11,24
11,11
11,11
11,8
11,15
11,6
11,11
11,11
11,11
11,11
11,9
11,11
11,35
11,11
11,11
11,24
11,27
11,28
11,11
11,11
11,9
11,11
11,11
11,11
11,11
11,11
11,28
11,11
11,11
11,11
11,11
11,3
11,11
11,7
11,11
11,20
11,12
11,11
11,24
11,11
11,11
11,11
11,11
11,11
11,16
11,11
11,11
11,11
11,11
11,26
11,28
11,11
11,11
11,28
11,11
11,11
11,16
11,11
11,11
11,11
11,11
11,9
11,11
11,11
11,9
11,20
11,5
11,11
11,11
11,11
11,11
11,11
11,16
11,11
11,11
11,11
11,11
11,31
11,8
11,15
11,11
11,11
11,11
11,11
11,11
11,11
11,10
11,8
11,11
11,10
11,11
11,28
11,10
11,28
11,11
11,11
11,31
11,11
11,22
11,10
11,11
11,1
11,11
11,11
11,28
11,30
11,11
11,11
11,11
11,11
11,11
11,30
11,30
11,10
11,7
11,11
11,11
11,11
11,11
11,11
11,16
11,11
11,12
11,11
11,11
11,11
11,35
11,11
11,12
11,10
11,30
11,11
11,11
11,12
11,11
11,11
11,25
11,28
11,11
11,11
11,11
11,11
11,9
11,11
11,11
11,11
11,11
11,8
11,20
11,11
11,11
11,11
11,11
11,11
11,11
11,11
11,11
11,3
11,11
11,11
11,8
11,11
11,11
11,11
11,11
11,10
11,35
11,11
11,11
11,11
11,11
11,11
11,10
11,12
11,11
11,11
11,11
11,11
11,11
11,11
11,11
11,11
11,11
11,12
11,11
11,11
11,11
11,11
11,11
11,15
11,22
11,11
11,11
11,11
11,11
11,10
11,11
11,11
11,11
11,11
11,11
11,11
11,11
11,11
11,11
11,8
11,28
11,11
11,27
11,11
11,11
11,11
11,11
11,11
11,11
11,11
11,20
11,11
11,11
11,11
11,11
11,11
11,3
11,12
11,2
11,11
11,11
11,11
11,35
11,11
11,11
11,11
11,11
11,11
11,11
11,11
11,11
11,11
11,11
11,11
11,11
11,11
11,11
11,11
11,11
11,11
11,8
11,11
11,3
11,31
11,20
11,27
11,11
11,21
11,11
11,9
11,11
11,11
11,11
11,11
11,35
11,11
11,11
11,11
11,11
11,11
11,11
11,27
11,11
11,5
11,24
11,3
11,11
11,11
11,11
11,11
11,8
11,10
11,11
11,11
11,11
11,15
11,11
11,10
11,10
11,11
11,11
11,11
11,11
11,11
11,11
11,11
11,11
11,11
11,11
11,11
11,11
11,7
11,11
11,11
11,11
11,11
11,11
11,11
11,10
11,28
11,27
11,27
11,11
11,22
11,11
11,11
11,11
11,11
11,11
11,11
11,11
11,11
11,11
11,9
11,11
11,11
11,11
11,31
11,11
11,11
11,11
11,9
11,12
11,19
11,11
12,12
12,11
12,12
12,12
12,12
12,23
12,20
12,12
12,23
12,2
12,12
12,12
12,19
12,12
12,5
12,18
12,6
12,19
12,12
12,12
12,12
12,12
12,20
12,33
12,12
12,6
12,12
12,12
12,12
12,12
12,20
12,11
12,12
12,30
12,31
12,12
12,12
12,12
12,12
12,11
12,31
12,30
12,12
12,12
12,2
12,6
12,12
12,21
12,12
12,12
12,11
12,8
12,12
12,12
12,12
12,12
12,5
12,12
12,28
12,3
12,12
12,12
12,12
12,12
12,30
12,12
12,12
12,12
12,12
12,23
12,35
12,5
12,12
12,12
12,5
12,12
12,19
12,12
12,12
12,5
12,12
12,6
12,12
12,19
12,10
12,19
12,22
12,12
12,12
12,30
12,12
12,12
12,2
12,12
12,12
12,6
12,12
12,12
12,12
12,11
12,31
12,8
12,12
12,6
12,12
12,12
12,12
12,12
12,30
12,6
12,11
12,12
12,12
12,12
12,12
12,12
12,12
12,12
12,12
12,12
12,12
12,19
12,12
12,12
12,12
12,15
12,19
12,12
12,12
12,30
12,6
12,12
12,12
12,33
12,12
12,21
12,12
12,12
12,6
12,12
12,12
12,12
12,19
12,12
12,12
12,19
12,12
12,12
12,12
12,19
12,5
12,12
12,32
12,12
12,6
12,12
12,21
12,12
12,12
12,12
12,12
12,12
12,31
12,12
12,6
12,12
12,12
12,12
12,2
12,12
12,12
12,12
12,12
12,12
12,2
12,12
12,12
12,4
12,12
12,12
12,12
12,12
12,8
12,12
12,12
12,12
12,12
12,27
12,30
12,12
12,12
12,12
12,34
12,12
12,12
12,34
12,12
12,35
12,12
12,6
12,19
12,4
12,14
12,19
12,21
12,16
12,12
12,6
12,6
12,12
12,12
12,12
12,7
12,8
12,12
12,12
12,35
12,7
12,12
12,12
12,6
12,12
12,12
12,12
12,16
12,6
12,19
12,12
12,12
12,19
12,19
12,11
12,12
12,12
12,12
12,12
12,6
12,12
12,12
12,12
12,12
12,12
12,2
12,12
12,12
12,12
12,12
12,12
12,7
12,12
12,12
12,12
12,12
12,12
12,11
12,19
12,12
12,12
12,12
12,12
12,12
12,12
12,12
12,12
12,30
12,35
12,12
12,31
12,4
12,12
12,12
12,6
12,6
12,12
12,12
12,11
12,12
12,6
12,12
12,12
12,12
12,12
12,30
12,2
12,35
12,12
12,12
12,12
12,2
12,12
12,12
12,12
12,12
12,6
12,12
12,12
12,12
12,28
12,30
12,6
12,12
12,6
12,12
12,12
12,21
12,12
12,11
12,12
12,12
12,12
12,19
12,20
12,6
12,12
12,12
12,12
12,12
12,12
12,12
12,5
12,12
12,12
12,12
12,8
12,10
12,12
12,12
12,19
12,12
12,31
12,12
12,12
12,12
12,19
12,12
12,12
12,12
12,2
12,12
12,12
12,6
12,12
12,12
12,19
12,4
12,19
12,18
12,6
12,31
12,11
12,20
12,12
12,12
12,19
12,6
12,30
12,12
12,12
12,12
12,12
12,12
12,12
12,35
12,12
12,31
12,2
12,12
12,21
12,12
12,28
12,12
12,11
12,12
12,19
12,12
12,12
12,12
12,12
12,6
12,2
12,11
12,12
12,35
12,6
12,12
12,12
12,19
12,12
13,13
13,1
13,13
13,13
13,13
13,13
13,13
13,34
13,13
13,13
13,4
13,13
13,21
13,13
13,13
13,13
13,13
13,13
13,13
13,31
13,13
13,13
13,4
13,13
13,13
13,13
13,13
13,13
13,13
13,27
13,13
13,13
13,13
13,13
13,13
13,13
13,13
13,13
13,13
13,7
13,13
13,13
13,11
13,13
13,4
13,4
13,4
13,13
13,13
13,13
13,13
13,13
13,13
13,13
13,13
13,13
13,31
13,13
13,13
13,13
13,13
13,13
13,13
13,1
13,24
13,13
13,1
13,13
13,13
13,13
13,13
13,13
13,13
13,13
13,13
13,13
13,13
13,13
13,32
13,13
13,13
13,24
13,6
13,13
13,13
13,13
13,13
13,13
13,13
13,13
13,13
13,13
13,1
13,13
13,13
13,4
13,13
13,13
13,13
13,13
13,13
13,4
13,13
13,13
13,13
13,21
13,13
13,14
13,13
13,13
13,13
13,24
13,13
13,13
13,13
13,13
13,13
13,13
13,13
13,14
13,13
13,13
13,13
13,13
13,27
13,13
13,13
13,4
13,13
13,13
13,13
13,13
13,13
13,31
13,13
13,4
13,13
13,13
13,13
13,4
13,21
13,13
13,31
13,13
13,13
13,22
13,13
13,26
13,13
13,13
13,13
13,13
13,13
13,13
13,14
13,4
13,13
13,13
13,13
13,35
13,13
13,13
13,13
13,26
13,13
13,13
13,13
13,13
13,13
13,13
13,13
13,13
13,13
13,13
13,13
13,13
13,13
13,13
13,13
13,13
13,13
13,13
13,13
13,13
13,13
13,13
13,13
13,13
13,13
13,13
13,13
13,13
13,13
13,13
13,17
13,13
13,13
13,13
13,24
13,13
13,13
13,13
13,13
13,13
13,13
13,13
14,14
14,14
14,14
14,14
14,14
14,14
14,14
14,14
14,14
14,20
14,14
14,14
14,14
14,14
14,14
14,14
14,14
14,14
14,14
14,28
14,14
14,14
14,14
14,14
14,14
14,14
14,14
14,14
14,14
14,14
14,14
14,34
14,20
14,14
14,14
14,14
14,12
14,14
14,14
14,14
14,14
14,14
14,14
14,14
14,14
14,14
14,14
14,14
14,14
14,14
14,14
14,14
14,14
14,20
14,24
14,14
14,14
14,34
14,14
14,14
14,14
14,34
14,20
14,14
14,14
14,14
14,14
14,14
14,14
14,14
14,21
14,14
14,14
14,14
14,14
14,20
14,14
14,14
14,14
14,14
14,14
14,30
14,14
14,14
14,14
14,14
14,14
14,14
14,14
14,24
14,14
14,14
14,14
14,14
14,8
14,14
14,14
14,14
14,14
14,23
14,14
14,14
14,14
14,14
14,14
14,14
14,14
14,14
14,14
14,14
14,14
14,14
14,13
14,14
14,14
14,14
14,20
14,14
14,14
14,34
14,14
14,7
14,14
14,14
14,20
14,14
14,14
14,14
14,13
14,14
14,2
14,14
14,14
14,14
14,14
14,14
14,14
14,14
14,14
14,14
14,14
14,14
14,14
14,14
14,14
14,14
14,31
14,14
14,14
14,14
14,14
14,14
14,19
14,14
14,14
14,14
14,14
14,14
14,14
14,14
14,14
14,14
14,14
14,28
14,14
14,31
14,14
14,14
14,14
14,14
14,20
14,14
14,14
14,14
14,31
14,14
14,14
14,14
14,14
14,14
14,14
14,14
14,11
14,14
14,26
14,14
14,14
14,14
14,14
14,14
14,14
14,10
14,14
14,14
14,14
14,14
14,14
14,31
14,14
14,14
14,14
14,14
14,14
14,14
14,14
14,14
14,23
14,14
14,31
14,14
14,8
14,14
15,18
15,15
15,15
15,15
15,15
15,15
15,15
15,18
15,35
15,15
15,19
15,18
15,15
15,33
15,15
15,23
15,15
15,15
15,15
15,3
15,15
15,7
15,18
15,6
15,15
15,15
15,15
15,22
15,15
15,15
15,15
15,22
15,15
15,18
15,35
15,22
15,15
15,27
15,16
15,15
15,18
15,15
15,18
15,23
15,22
15,15
15,12
15,15
15,21
15,15
15,15
15,33
15,18
15,22
15,23
15,15
15,22
15,23
15,15
15,15
15,15
15,18
15,19
15,18
15,15
15,15
15,3
15,23
15,23
15,15
15,15
15,3
15,18
15,27
15,3
15,22
15,15
15,15
15,15
15,6
15,12
15,15
15,4
15,17
15,7
15,19
15,3
15,15
15,19
15,3
15,15
15,12
15,15
15,19
15,18
15,15
15,15
15,12
15,15
15,15
15,26
15,22
15,22
15,15
15,6
15,21
15,18
15,15
15,15
15,15
15,15
15,3
15,11
15,15
15,15
15,18
15,15
15,15
15,12
15,19
15,15
15,6
15,15
15,15
15,15
15,18
15,16
15,15
15,12
15,15
15,16
15,22
15,22
15,15
15,15
15,15
15,18
15,15
15,19
15,15
15,18
15,2
15,19
15,35
15,15
15,5
15,18
15,15
15,19
15,22
15,15
15,3
15,15
15,15
15,1
15,15
15,15
15,15
16,16
16,16
16,16
16,24
16,16
16,16
16,16
16,16
16,16
16,16
16,16
16,16
16,16
16,16
16,16
16,16
16,19
16,16
16,16
16,16
16,16
16,34
16,22
16,18
16,16
16,16
16,16
16,16
16,16
16,16
16,22
16,16
16,16
16,16
16,16
16,33
16,32
16,16
16,16
16,16
16,27
16,16
16,16
16,16
16,16
16,16
16,16
16,16
16,16
16,18
16,16
16,16
16,16
16,16
16,16
16,32
16,16
16,16
16,16
16,16
16,16
16,16
16,16
16,20
16,16
16,16
16,16
16,16
16,7
16,20
16,16
16,34
16,16
16,16
16,22
16,5
16,16
16,16
16,16
16,16
16,16
16,33
16,16
16,16
16,16
16,16
16,16
16,16
16,16
16,4
16,22
16,16
16,16
16,34
16,16
16,16
16,16
16,16
16,16
16,16
16,20
16,23
16,22
16,16
16,16
16,6
16,16
16,16
16,16
16,16
16,16
16,16
16,16
16,16
16,16
16,16
16,16
16,16
16,16
16,22
16,16
16,23
16,16
16,16
16,22
16,16
16,16
16,23
16,16
16,16
16,8
16,19
16,16
16,16
16,22
16,10
16,19
16,16
16,16
16,16
16,16
16,16
16,16
16,16
16,16
16,16
16,16
16,16
16,16
16,23
16,16
16,22
16,4
16,16
16,23
16,16
16,16
16,16
16,16
16,16
16,16
16,16
16,16
16,16
16,16
16,16
16,16
16,16
16,16
16,16
16,34
16,34
16,16
16,16
16,16
16,16
16,16
16,16
16,16
16,16
16,16
16,16
16,16
16,16
16,16
16,16
16,22
16,16
16,16
16,16
16,16
16,23
16,16
16,18
16,16
16,16
16,16
16,16
16,16
16,16
16,16
16,16
16,16
16,16
16,16
16,16
16,16
16,16
16,31
16,23
16,16
16,16
16,16
16,16
16,16
16,23
16,34
16,16
16,3
16,16
16,16
16,22
16,34
16,23
16,34
16,16
16,16
16,16
16,16
16,16
16,34
16,16
16,31
16,34
16,16
16,16
16,16
16,16
16,16
16,16
16,16
16,20
16,16
16,16
16,16
16,17
16,16
16,16
16,16
16,16
16,30
16,22
16,16
16,16
16,15
16,16
16,19
16,16
16,19
16,16
16,16
16,16
16,25
16,23
16,16
16,16
16,16
16,16
16,16
16,16
16,16
16,20
16,16
16,18
16,16
16,16
16,23
16,16
16,16
16,16
16,1
16,30
16,16
16,16
16,16
16,16
16,16
16,16
16,16
16,16
16,16
16,16
16,16
16,16
16,16
16,16
16,16
16,16
16,16
16,4
16,20
16,16
16,19
16,33
16,16
16,34
16,16
16,16
16,16
16,31
16,23
16,16
16,16
16,16
16,16
16,16
16,17
16,16
16,23
16,16
16,16
16,20
16,23
16,16
16,16
16,31
16,16
16,7
16,16
16,16
16,27
16,34
16,33
16,22
16,34
16,7
16,16
16,2
16,16
16,16
16,16
16,16
16,33
16,16
16,16
16,12
16,16
16,16
16,34
16,16
16,16
16,16
16,34
16,16
16,16
16,16
16,16
16,16
16,22
16,16
16,16
16,15
16,16
16,16
16,16
16,23
16,16
16,16
16,16
16,18
16,16
16,16
16,16
16,16
16,20
16,16
16,16
16,11
16,16
16,16
17,31
17,17
17,8
17,17
17,17
17,17
17,1
17,17
17,34
17,17
17,17
17,17
17,17
17,17
17,17
17,17
17,17
17,17
17,17
17,17
17,17
17,17
17,17
17,17
17,17
17,17
17,17
17,22
17,17
17,17
17,33
17,17
17,17
17,17
17,17
17,17
17,32
17,17
17,33
17,17
17,17
17,17
17,17
17,16
17,17
17,17
17,17
17,17
17,17
17,17
17,17
17,17
17,17
17,17
17,17
17,17
17,17
17,17
17,17
17,18
17,19
17,22
17,17
17,17
17,17
17,17
17,17
17,17
17,16
17,13
17,22
17,19
17,17
17,17
17,17
17,24
17,17
17,17
17,17
17,17
17,17
17,19
17,17
17,17
17,16
17,17
17,17
17,17
17,17
17,17
17,17
17,17
17,17
17,17
17,17
17,17
17,17
17,17
17,17
17,3
17,6
17,33
17,17
17,17
17,3
17,18
17,17
17,17
17,17
17,6
17,17
17,17
17,2
17,17
17,17
17,17
17,17
17,17
17,3
17,17
17,17
17,17
17,17
17,22
17,17
17,18
17,23
17,17
17,17
17,17
17,17
17,17
17,17
17,17
17,17
17,17
17,17
17,17
17,17
17,17
17,17
17,17
17,27
17,17
17,17
17,2
17,22
17,17
17,33
17,17
17,17
17,17
17,17
17,14
17,17
17,17
17,8
17,27
17,17
17,17
17,17
17,17
17,17
17,2
17,17
17,17
17,17
17,17
17,17
17,17
17,17
17,17
17,17
17,17
17,17
17,33
17,17
17,17
17,16
17,17
17,17
17,17
17,17
17,17
17,17
17,17
17,17
17,17
17,17
17,17
17,19
17,17
17,17
17,17
17,17
17,17
17,18
17,17
17,5
17,17
17,20
17,17
17,13
17,13
17,17
17,17
17,22
17,17
17,17
17,17
18,2
18,18
18,18
18,18
18,2
18,6
18,18
18,18
18,13
18,19
18,18
18,18
18,19
18,18
18,18
18,18
18,18
18,18
18,18
18,18
18,18
18,18
18,2
18,18
18,18
18,18
18,21
18,18
18,33
18,18
18,18
18,18
18,18
18,2
18,8
18,18
18,18
18,19
18,18
18,18
18,3
18,18
18,21
18,18
18,18
18,18
18,18
18,18
18,18
18,22
18,18
18,18
18,18
18,18
18,20
18,18
18,19
18,15
18,19
18,17
18,18
18,18
18,18
18,18
18,16
18,27
18,22
18,18
18,22
18,18
18,18
18,18
18,18
18,22
18,18
18,18
18,3
18,18
18,18
18,16
18,22
18,18
18,18
18,18
18,18
18,18
18,18
18,19
18,18
18,18
18,15
18,7
18,33
18,18
18,16
18,18
18,18
18,18
18,18
18,6
18,18
18,18
18,18
18,19
18,2
18,18
18,18
18,18
18,18
18,18
18,15
18,15
18,18
18,18
18,18
18,18
18,18
18,15
18,18
18,28
18,18
18,18
18,18
18,18
18,18
18,18
18,18
18,18
18,18
18,18
18,18
18,18
18,22
18,18
18,19
18,18
18,18
18,18
18,18
18,18
18,12
18,18
18,18
18,18
18,15
18,18
18,18
18,18
18,18
18,18
18,8
18,22
18,18
18,18
18,18
18,18
18,6
18,19
18,18
18,19
18,18
18,18
18,21
18,12
18,6
18,18
18,18
18,18
18,18
18,18
18,18
18,18
18,18
18,18
18,33
18,18
18,18
18,19
18,18
18,18
18,18
18,6
18,18
18,18
18,18
18,18
18,33
18,3
18,23
18,2
18,18
18,18
18,18
18,18
18,18
18,18
18,33
18,18
18,18
18,18
18,17
18,18
18,23
18,18
18,18
18,18
18,31
18,18
18,18
18,18
18,18
18,18
18,15
18,18
18,18
18,18
18,18
18,18
18,10
18,1
18,19
18,19
18,18
18,18
18,18
18,18
18,18
18,18
18,18
18,18
18,18
18,22
18,5
18,11
18,18
18,18
18,18
18,18
18,12
18,18
18,18
18,18
18,18
18,18
18,18
18,18
18,33
18,22
18,18
18,18
18,5
18,18
18,18
18,18
18,18
18,18
18,18
18,18
18,6
18,18
18,18
18,18
18,18
18,18
18,18
18,18
18,18
18,18
18,18
18,24
18,18
18,21
18,21
18,18
18,18
18,23
18,18
18,18
18,18
18,18
18,18
18,18
18,18
18,18
18,18
18,18
18,18
18,6
18,18
18,18
18,22
18,18
18,16
18,27
18,21
18,18
18,18
18,8
18,18
18,18
18,18
18,18
18,18
18,18
18,19
18,18
18,18
18,18
18,18
18,6
18,18
18,18
18,15
18,18
18,15
18,18
18,18
18,18
18,18
18,18
18,18
18,18
18,18
18,6
18,18
18,18
18,18
18,18
18,18
18,18
18,18
18,21
18,18
18,18
18,18
18,18
18,18
18,21
18,18
18,8
18,18
18,6
18,18
18,18
18,18
18,6
18,18
18,18
18,23
18,33
18,18
18,18
18,22
18,33
18,18
18,22
18,22
18,18
18,18
18,12
18,18
18,18
18,33
18,18
18,18
18,18
18,18
18,18
18,18
18,18
18,18
18,18
18,18
18,18
18,18
18,18
18,18
18,18
18,18
18,18
18,18
18,6
18,18
18,15
18,8
18,18
18,22
18,8
18,18
18,18
18,18
18,18
18,22
19,19
19,19
19,19
19,19
19,19
19,19
19,6
19,12
19,18
19,15
19,18
19,19
19,19
19,19
19,19
19,19
19,33
19,19
19,6
19,22
19,19
19,19
19,19
19,19
19,11
19,5
19,19
19,19
19,19
19,19
19,19
19,19
19,19
19,19
19,19
19,12
19,32
19,19
19,19
19,3
19,19
19,19
19,21
19,19
19,19
19,8
19,19
19,19
19,19
19,19
19,19
19,19
19,19
19,19
19,33
19,6
19,19
19,22
19,19
19,19
19,22
19,19
19,19
19,19
19,2
19,19
19,19
19,19
19,7
19,18
19,19
19,19
19,19
19,19
19,16
19,19
19,33
19,19
19,19
19,19
19,19
19,19
19,15
19,19
19,19
19,19
19,19
19,7
19,19
19,19
19,19
19,19
19,19
19,19
19,19
19,19
19,19
19,19
19,19
19,19
19,19
19,19
19,19
19,15
19,19
19,19
19,15
19,19
19,19
19,19
19,19
19,19
19,19
19,35
19,19
19,19
19,19
19,19
19,19
19,35
19,19
19,35
19,19
19,19
19,19
19,19
19,19
19,19
19,19
19,19
19,19
19,19
19,15
19,16
19,19
19,19
19,19
19,33
19,31
19,5
19,19
19,19
19,23
19,19
19,19
19,31
19,21
19,19
19,19
19,19
19,12
19,19
19,19
19,19
19,6
19,19
19,19
19,33
19,28
19,30
19,19
19,19
19,19
19,19
19,33
19,19
19,19
19,19
19,19
19,19
19,19
19,18
19,19
19,19
19,19
19,19
19,19
19,6
19,19
19,19
19,19
19,19
19,6
19,6
19,19
19,18
19,19
19,18
19,19
19,19
19,15
19,19
19,5
19,19
19,19
19,19
19,19
19,19
19,27
19,19
19,19
19,19
19,33
19,19
19,19
19,19
19,19
19,19
19,19
19,16
19,19
19,19
19,33
19,19
19,19
19,19
19,19
19,18
19,19
19,19
19,19
19,33
19,19
19,19
19,4
19,6
19,19
19,19
19,19
19,19
19,19
19,19
19,19
19,12
19,19
19,19
19,19
19,19
19,16
19,19
19,19
19,18
19,19
19,19
19,12
19,19
19,19
19,34
19,19
19,6
19,19
19,6
19,19
19,19
19,19
19,5
19,19
19,19
19,19
19,19
19,19
19,19
19,19
19,19
19,19
19,19
19,19
19,16
19,19
19,12
19,6
19,33
19,19
19,19
19,19
19,19
19,17
19,19
19,19
19,12
19,19
19,18
19,19
19,19
19,18
19,19
19,19
19,19
19,19
19,11
19,35
19,19
19,19
19,19
19,19
19,31
19,5
19,19
19,19
19,18
19,19
19,19
19,19
19,19
19,19
19,19
19,19
19,18
19,19
19,19
19,19
19,19
19,19
19,34
19,19
19,19
19,19
19,19
19,19
19,19
19,6
19,19
19,19
19,19
19,19
19,15
19,19
19,16
19,19
19,19
19,12
19,19
19,19
19,15
19,19
19,19
19,19
19,19
19,19
19,19
19,19
19,19
19,19
19,19
19,19
19,18
19,19
19,33
19,14
19,12
19,19
19,19
19,19
19,19
19,19
19,19
19,19
19,19
19,19
19,19
19,19
19,15
19,19
19,19
19,19
19,19
19,19
19,18
19,19
19,19
19,19
19,19
19,19
19,19
19,19
19,19
19,19
19,19
19,19
19,16
19,18
19,33
19,19
19,4
19,19
19,19
19,19
19,19
19,19
19,4
19,19
19,18
19,19
19,19
20,20
20,20
20,20
20,20
20,20
20,20
20,20
20,31
20,11
20,20
20,20
20,20
20,20
20,20
20,20
20,20
20,20
20,8
20,31
20,20
20,20
20,21
20,20
20,5
20,20
20,20
20,20
20,20
20,20
20,20
20,20
20,9
20,20
20,14
20,20
20,20
20,20
20,20
20,20
20,20
20,31
20,20
20,20
20,31
20,20
20,20
20,31
20,20
20,5
20,20
20,31
20,20
20,20
20,33
20,20
20,20
20,20
20,34
20,16
20,20
20,20
20,20
20,20
20,20
20,20
20,20
20,26
20,20
20,20
20,20
20,20
20,20
20,14
20,8
20,23
20,20
20,20
20,34
20,20
20,20
20,20
20,20
20,16
20,20
20,20
20,20
20,20
20,20
20,32
20,2
20,20
20,20
20,20
20,20
20,20
20,20
20,31
20,20
20,20
20,20
20,12
20,20
20,20
20,31
20,20
20,20
20,20
20,21
20,20
20,20
20,20
20,20
20,12
20,20
20,20
20,20
20,20
20,20
20,20
20,20
20,9
20,31
20,7
20,8
20,20
20,20
20,20
20,20
20,31
20,3
20,20
20,20
20,20
20,20
20,20
20,20
20,34
20,14
20,20
20,20
20,20
20,20
20,20
20,20
20,20
20,34
20,20
20,20
20,20
20,20
20,20
20,20
20,20
20,20
20,31
20,20
20,20
20,20
20,20
20,16
20,16
20,20
20,20
20,31
20,20
20,20
20,20
20,20
20,20
20,31
20,31
20,20
20,31
20,21
20,21
20,20
20,31
20,20
20,20
20,20
20,20
20,20
20,20
20,20
20,20
20,20
20,20
20,20
20,20
20,20
20,31
20,20
20,20
20,20
20,17
20,20
20,20
20,20
20,1
20,20
20,27
20,20
20,20
20,27
20,20
20,20
20,20
20,20
20,20
20,20
20,20
20,21
20,20
20,20
20,20
20,20
20,20
20,20
20,34
20,20
20,20
20,20
20,20
20,20
20,20
20,31
20,20
20,20
20,20
20,20
20,20
20,20
20,20
20,31
20,20
20,20
20,20
20,34
20,20
20,20
20,20
20,20
20,20
20,20
20,20
20,34
20,20
20,20
20,5
20,20
20,8
20,20
20,20
20,20
20,20
20,20
20,20
20,2
20,12
20,20
20,20
20,20
20,20
20,21
20,16
20,20
20,20
20,20
20,20
20,20
20,14
20,20
20,20
20,20
20,20
20,20
20,20
20,20
20,20
20,20
20,20
20,20
20,20
20,16
20,20
20,20
20,31
20,31
20,20
20,20
20,31
20,20
20,20
20,20
20,20
20,20
20,20
20,20
20,21
20,20
20,20
20,20
20,20
20,20
20,5
20,20
20,20
20,20
20,20
20,31
20,20
20,20
20,20
20,21
20,20
20,20
20,20
20,20
20,20
20,20
20,21
20,20
20,31
20,31
20,2
20,20
20,20
20,20
20,11
20,20
20,8
20,21
20,31
20,20
20,7
20,31
20,20
20,20
20,31
20,20
20,20
20,20
20,20
20,20
20,20
20,20
20,20
20,31
20,20
20,20
20,20
20,20
20,20
20,20
20,20
20,20
20,21
20,21
20,20
20,20
20,20
20,20
20,20
20,20
20,34
20,7
20,20
20,20
20,20
20,20
20,20
20,20
20,16
20,23
20,34
21,21
21,21
21,21
21,21
21,12
21,21
21,21
21,6
21,21
21,21
21,21
21,21
21,21
21,18
21,7
21,21
21,21
21,6
21,21
21,21
21,21
21,6
21,21
21,21
21,21
21,6
21,7
21,21
21,22
21,21
21,21
21,12
21,21
21,8
21,21
21,21
21,21
21,21
21,21
21,25
21,21
21,21
21,20
21,21
21,21
21,21
21,21
21,21
21,8
21,21
21,21
21,21
21,27
21,21
21,21
21,21
21,21
21,21
21,21
21,15
21,21
21,21
21,12
21,28
21,21
21,21
21,21
21,31
21,21
21,21
21,21
21,7
21,11
21,21
21,21
21,21
21,21
21,21
21,21
21,21
21,8
21,21
21,21
21,21
21,32
21,21
21,21
21,21
21,21
21,21
21,21
21,21
21,21
21,21
21,21
21,21
21,8
21,21
21,21
21,21
21,8
21,21
21,21
21,21
21,21
21,21
21,12
21,11
21,21
21,21
21,21
21,21
21,10
21,21
21,2
21,21
21,21
21,21
21,21
21,21
21,6
21,21
21,6
21,22
21,6
21,21
21,15
21,21
21,21
21,8
21,21
21,21
21,21
21,21
21,21
21,20
21,21
21,26
21,21
21,18
21,21
21,21
21,20
21,12
21,21
21,21
21,1
21,21
21,21
21,21
21,21
21,21
21,21
21,21
21,21
21,22
21,21
21,22
21,20
21,18
21,24
21,8
21,6
21,21
21,21
21,21
21,21
21,21
21,2
21,31
21,8
21,21
21,21
21,21
21,21
21,21
21,21
21,21
21,21
21,21
21,21
21,21
21,21
21,6
21,21
21,27
21,21
21,21
21,21
21,21
21,21
21,20
21,21
21,21
21,21
21,21
21,21
21,21
21,6
21,21
21,21
21,21
21,21
21,21
21,21
21,21
21,21
21,12
21,21
21,21
21,21
21,3
21,3
21,21
21,21
21,21
21,21
21,21
21,21
21,21
21,22
21,21
21,21
21,33
21,21
21,21
21,21
21,21
21,21
21,21
21,21
21,21
21,21
21,21
21,21
21,21
21,8
21,15
21,6
21,21
21,21
21,31
21,21
21,21
21,8
21,5
21,21
21,21
21,21
21,12
21,21
21,21
21,21
21,21
21,30
21,21
21,21
21,21
21,21
21,21
21,21
21,21
21,21
21,21
21,22
21,21
21,6
21,21
21,21
21,21
21,7
21,21
21,21
21,21
21,21
21,21
21,21
21,21
21,21
21,21
21,28
21,22
21,33
21,21
21,21
21,21
21,21
21,6
21,21
21,21
21,22
21,11
21,21
21,21
21,21
21,21
21,5
21,21
21,21
21,21
21,21
21,21
21,21
21,21
21,21
21,21
21,21
21,21
21,21
21,21
21,6
21,21
21,21
21,21
21,21
21,21
21,21
21,21
21,21
21,22
21,21
21,21
21,21
21,21
21,21
21,21
21,21
21,15
21,21
21,8
21,21
21,21
21,21
21,21
21,21
21,21
21,21
21,8
21,21
21,21
21,21
21,21
21,21
21,21
21,21
21,21
21,21
21,21
21,21
21,21
21,21
21,21
21,21
21,12
21,21
21,21
21,21
21,21
21,21
21,21
21,20
21,21
21,21
21,8
21,8
21,21
21,21
21,21
21,16
21,21
21,21
21,21
21,8
21,21
21,9
21,12
21,30
21,21
21,22
21,21
21,21
21,21
21,21
21,21
21,21
22,22
22,2
22,22
22,34
22,22
22,22
22,6
22,21
22,22
22,22
22,22
22,15
22,22
22,22
22,22
22,22
22,11
22,22
22,22
22,22
22,22
22,22
22,22
22,19
22,22
22,26
22,27
22,2
22,22
22,21
22,22
22,28
22,22
22,22
22,23
22,22
22,22
22,33
22,22
22,22
22,22
22,22
22,23
22,22
22,22
22,15
22,22
22,22
22,22
22,22
22,22
22,22
22,22
22,16
22,22
22,22
22,22
22,23
22,22
22,22
22,22
22,18
22,34
22,7
22,19
22,22
22,22
22,22
22,22
22,22
22,22
22,33
22,22
22,22
22,22
22,20
22,23
22,22
22,15
22,15
22,22
22,22
22,22
22,22
22,22
22,18
22,16
22,22
22,22
22,22
22,22
22,18
22,8
22,22
22,22
22,22
22,22
22,15
22,22
22,22
22,22
22,22
22,22
22,22
22,22
22,22
22,23
22,16
22,16
22,22
22,22
22,22
22,23
22,22
22,22
22,22
22,23
22,22
22,22
22,33
22,22
22,23
22,19
22,22
22,22
22,22
22,22
22,22
22,22
22,22
22,22
22,16
22,19
22,22
22,22
22,22
22,22
22,22
22,22
22,15
22,22
22,22
22,22
22,22
22,22
22,22
22,22
22,21
22,15
22,22
22,22
22,23
22,22
22,15
22,22
22,6
22,22
22,22
22,22
22,3
22,22
22,22
22,22
22,33
22,22
22,22
22,22
22,6
22,22
22,22
22,22
22,16
22,22
22,22
22,22
22,22
22,22
22,1
22,22
22,33
22,22
22,33
22,22
22,22
22,22
22,22
22,22
22,22
22,22
22,22
22,22
22,22
22,22
22,22
22,22
22,22
22,22
22,22
22,22
22,22
22,22
22,16
22,21
22,23
22,22
22,23
22,22
22,22
22,22
22,22
22,21
22,22
22,22
22,22
22,22
22,22
22,16
22,22
22,12
22,22
22,33
22,22
22,21
22,22
22,22
22,22
22,22
22,12
22,22
22,12
22,22
22,22
22,22
22,22
22,23
22,6
22,22
22,22
22,22
22,22
22,22
22,22
22,22
22,22
22,22
22,22
22,18
22,22
22,22
22,22
22,18
22,17
22,33
22,22
22,22
22,22
22,22
22,33
22,22
22,22
22,18
22,22
22,22
22,22
22,22
22,22
22,22
22,22
22,22
22,22
22,22
22,18
22,22
22,22
22,22
22,17
22,22
22,8
22,22
22,22
22,22
22,22
22,22
22,22
22,22
22,16
22,22
22,22
22,22
22,22
22,22
22,22
22,22
22,22
22,22
22,23
22,22
22,22
22,19
22,18
22,33
22,22
22,22
22,22
22,22
22,22
22,18
22,15
22,22
22,22
22,22
22,23
22,22
22,22
22,18
22,6
22,22
22,22
22,22
22,22
22,22
22,22
22,22
22,22
22,22
22,22
22,22
22,22
22,22
22,22
22,22
22,22
22,22
22,22
22,22
22,22
22,22
22,23
22,23
22,22
22,22
22,22
22,22
22,21
22,15
22,23
22,22
22,22
22,22
22,22
22,22
22,12
22,22
22,22
22,23
22,22
22,22
22,22
22,22
22,22
22,22
22,22
22,22
22,18
22,22
22,22
22,22
22,8
22,22
22,22
22,22
22,22
22,22
22,22
22,22
22,22
22,22
22,22
22,22
22,18
22,18
22,22
22,22
22,22
22,22
22,22
22,31
22,15
22,22
23,23
23,23
23,23
23,23
23,7
23,23
23,23
23,23
23,23
23,18
23,23
23,23
23,23
23,23
23,23
23,23
23,25
23,23
23,23
23,23
23,23
23,23
23,23
23,23
23,23
23,3
23,16
23,23
23,23
23,23
23,23
23,3
23,23
23,23
23,23
23,23
23,16
23,23
23,16
23,23
23,23
23,23
23,28
23,23
23,20
23,23
23,23
23,7
23,22
23,23
23,23
23,23
23,23
23,23
23,23
23,23
23,23
23,23
23,23
23,7
23,23
23,23
23,23
23,23
23,23
23,23
23,23
23,23
23,23
23,23
23,16
23,23
23,23
23,22
23,23
23,3
23,23
23,7
23,23
23,23
23,23
23,23
23,4
23,23
23,22
23,4
23,23
23,23
23,23
23,23
23,16
23,23
23,23
23,2
23,23
23,23
23,23
23,23
23,23
23,23
23,23
23,23
23,23
23,33
23,35
23,23
23,7
23,23
23,23
23,23
23,23
23,23
23,23
23,28
23,23
23,16
23,4
23,23
23,23
23,16
23,23
23,23
23,23
23,15
23,23
23,23
23,23
23,23
23,23
23,23
23,7
23,23
23,2
23,23
23,23
23,23
23,23
23,23
23,23
23,23
23,23
23,23
23,11
23,23
23,23
23,23
23,23
23,23
23,23
23,34
23,23
23,10
23,23
23,28
23,23
23,23
23,23
23,23
23,23
23,20
23,23
23,23
23,23
23,7
23,23
23,23
23,23
23,33
23,23
23,23
23,23
23,23
23,23
23,23
23,23
23,16
23,23
23,8
23,3
23,19
23,19
23,23
23,23
23,23
23,23
23,23
23,23
23,23
23,23
23,23
23,16
23,22
23,23
23,23
23,23
23,23
23,23
23,34
23,8
23,23
23,23
23,16
23,23
23,8
23,23
23,15
23,23
23,23
23,23
23,23
23,23
23,23
23,23
23,23
23,23
23,23
23,16
23,23
23,28
23,22
23,7
23,16
23,23
23,23
23,23
23,23
23,23
23,23
23,23
23,23
23,23
23,23
23,23
23,23
23,23
23,23
23,23
23,23
23,23
23,23
23,23
23,23
23,18
23,23
23,23
23,23
23,23
23,23
23,23
23,23
23,28
23,23
23,23
23,23
23,23
23,23
23,23
23,22
23,1
23,23
23,23
23,23
23,23
23,23
23,23
23,23
23,23
23,23
23,23
23,22
23,23
23,23
23,23
23,23
23,19
23,22
23,23
23,8
23,23
23,8
23,23
23,16
23,16
23,23
23,16
23,23
23,23
23,23
23,23
23,23
23,23
23,23
23,18
23,19
23,23
23,23
23,23
23,23
23,23
23,23
23,23
23,23
23,33
23,23
23,23
23,23
23,23
23,28
23,23
23,16
23,23
23,23
23,23
23,23
23,23
23,23
23,23
23,18
23,23
23,23
23,23
23,23
23,34
23,23
23,8
23,33
23,17
23,23
23,23
23,16
23,23
23,18
23,23
23,23
23,23
23,22
23,23
23,23
23,23
23,15
23,23
23,23
23,23
23,23
23,23
23,7
23,23
23,23
23,23
23,23
23,23
23,16
23,23
23,23
23,23
23,23
23,8
23,23
23,23
23,23
23,28
23,23
23,23
23,22
23,23
23,23
23,23
23,23
23,7
23,15
23,22
23,8
23,23
23,23
23,23
23,23
23,15
23,23
24,24
24,24
24,35
24,24
24,24
24,24
24,24
24,24
24,24
24,24
24,24
24,24
24,24
24,24
24,24
24,24
24,24
24,24
24,24
24,24
24,24
24,24
24,24
24,24
24,24
24,24
24,24
24,24
24,24
24,24
24,24
24,24
24,26
24,9
24,24
24,24
24,24
24,24
24,24
24,24
24,24
24,24
24,24
24,24
24,24
24,24
24,24
24,27
24,24
24,24
24,24
24,30
24,24
24,24
24,24
24,8
24,35
24,24
24,24
24,24
24,24
24,21
24,24
24,28
24,11
24,28
24,24
24,24
24,24
24,24
24,24
24,24
24,24
24,24
24,24
24,24
24,24
24,24
24,24
24,24
24,24
24,24
24,24
24,24
24,24
24,24
24,24
24,24
24,24
24,24
24,24
24,24
24,24
24,24
24,10
24,11
24,24
24,24
24,25
24,24
24,24
24,24
24,26
24,24
24,24
24,24
24,24
24,24
24,24
24,24
24,24
24,24
24,24
24,24
24,26
24,24
24,24
24,24
24,24
24,24
24,24
24,28
24,24
24,26
24,24
24,24
24,24
24,24
24,24
24,24
24,24
24,24
24,24
24,24
24,24
24,24
24,24
24,24
24,24
24,24
24,24
24,24
24,24
24,24
24,27
24,24
24,24
24,24
24,24
24,24
24,24
24,24
24,24
24,24
24,24
24,24
24,24
24,24
24,28
24,24
24,24
24,24
24,24
24,24
24,24
24,24
24,24
24,24
24,24
24,24
24,24
24,24
24,24
24,24
24,24
24,24
24,24
24,24
24,22
24,24
24,24
24,35
24,24
24,24
24,11
24,24
24,24
24,24
24,24
24,26
24,24
24,24
24,6
24,24
24,27
24,24
24,24
24,24
24,24
24,24
24,24
24,24
24,24
24,24
24,24
24,24
24,10
24,24
24,24
24,35
24,24
24,24
24,29
24,24
24,24
24,24
24,24
24,24
24,24
24,24
24,24
24,9
24,24
24,24
24,27
24,24
24,24
24,24
24,24
24,24
24,24
24,24
24,24
24,24
24,24
24,24
24,13
24,24
24,24
24,24
24,24
24,24
24,24
24,24
24,24
24,24
24,24
24,24
24,24
24,24
24,24
24,24
24,24
24,24
24,24
24,24
24,24
24,24
24,24
24,24
24,24
24,31
24,24
24,24
24,24
24,24
24,24
24,24
24,24
24,24
24,24
24,24
24,24
24,24
24,24
24,24
24,24
24,24
24,24
24,24
24,24
24,24
24,24
24,28
24,24
24,24
24,24
24,24
24,24
24,24
24,24
24,24
24,24
24,24
24,35
24,24
24,13
24,24
24,24
24,11
24,24
24,24
24,35
24,24
24,24
24,24
24,24
24,24
24,24
24,24
24,8
24,31
24,28
24,30
24,24
24,24
24,24
24,24
24,24
24,9
24,11
24,24
24,24
24,24
24,24
24,24
24,24
24,24
24,24
24,24
24,24
24,9
24,24
24,24
24,24
24,24
24,24
24,24
24,24
24,24
24,24
24,24
24,24
24,24
24,24
24,24
24,24
24,24
24,24
24,17
24,35
24,24
24,24
24,24
24,30
24,24
24,24
24,24
24,24
24,24
24,9
24,24
24,24
24,24
24,24
24,24
24,24
24,24
24,24
24,30
24,24
24,24
24,24
24,24
24,24
24,24
24,24
24,24
24,24
24,24
24,24
24,24
24,24
24,24
24,24
24,24
24,24
24,24
24,24
24,24
24,24
24,24
24,13
24,24
24,24
24,24
24,24
24,24
24,24
24,24
25,25
25,25
25,35
25,29
25,25
25,25
25,26
25,25
25,25
25,25
25,25
25,25
25,25
25,25
25,25
25,25
25,25
25,25
25,25
25,25
25,25
25,25
25,6
25,25
25,25
25,13
25,25
25,25
25,25
25,30
25,25
25,25
25,30
25,25
25,25
25,25
25,35
25,25
25,25
25,25
25,25
25,27
25,25
25,25
25,24
25,25
25,25
25,25
25,25
25,25
25,25
25,25
25,25
25,25
25,25
25,25
25,25
25,25
25,27
25,25
25,25
25,25
25,25
25,25
25,25
25,25
25,25
25,25
25,25
25,25
25,35
25,25
25,25
25,25
25,25
25,30
25,25
25,25
25,25
25,25
25,35
25,25
25,25
25,25
25,25
25,25
25,25
25,25
25,25
25,16
25,25
25,25
25,25
25,25
25,25
25,25
25,25
25,25
25,25
25,25
25,25
25,26
25,25
25,25
25,25
25,25
25,25
25,25
25,25
25,25
25,25
25,25
25,25
25,25
25,24
25,25
25,25
25,25
25,25
25,26
25,25
25,25
25,14
25,25
25,25
25,25
25,25
25,4
25,25
25,24
25,25
25,25
25,4
25,25
25,30
25,24
25,30
25,25
25,25
25,10
25,25
25,25
25,30
25,25
25,25
25,18
25,25
25,25
25,35
25,25
25,25
25,25
25,25
25,25
25,25
25,25
25,30
25,25
25,25
25,25
25,30
25,25
25,25
25,25
25,35
25,25
25,25
25,25
25,25
25,25
25,25
25,25
25,25
25,25
25,25
25,25
25,25
25,25
25,25
25,25
25,25
25,25
25,25
25,25
25,25
25,25
25,25
25,30
25,25
25,25
25,25
25,25
25,25
25,25
25,25
25,25
25,25
25,25
25,25
25,30
25,25
25,25
26,26
26,26
26,26
26,26
26,7
26,26
26,26
26,26
26,26
26,26
26,31
26,26
26,26
26,26
26,24
26,26
26,4
26,26
26,26
26,26
26,26
26,7
26,26
26,26
26,26
26,26
26,26
26,26
26,26
26,26
26,26
26,26
26,26
26,26
26,26
26,26
26,26
26,26
26,26
26,26
26,26
26,4
26,26
26,26
26,26
26,26
26,26
26,26
26,26
26,26
26,6
26,26
26,26
26,26
26,26
26,26
26,26
26,26
26,26
26,26
26,26
26,26
26,26
26,24
26,26
26,26
26,26
26,26
26,26
26,26
26,26
26,26
26,26
26,26
26,26
26,26
26,26
26,26
26,26
26,26
26,26
26,26
26,26
26,26
26,26
26,26
26,26
26,26
26,26
26,26
26,26
26,26
26,26
26,26
26,26
26,26
26,26
26,26
26,26
26,26
26,26
26,26
26,26
26,26
26,26
26,12
26,26
26,26
26,26
26,25
26,26
26,26
26,26
26,26
26,26
26,26
26,26
26,26
26,26
26,31
26,7
26,26
26,26
26,26
26,26
26,26
26,26
26,28
26,26
26,26
26,26
26,26
26,11
26,26
26,26
26,26
26,26
26,26
26,28
26,7
26,26
26,26
26,26
26,26
26,26
26,26
26,26
26,26
26,26
26,26
26,26
26,26
26,26
26,26
26,26
26,26
26,26
26,26
26,26
26,26
26,26
26,26
26,26
26,26
26,31
26,26
26,26
26,26
26,26
26,26
26,26
26,26
26,26
26,26
26,26
26,30
26,26
26,26
26,26
26,26
26,26
26,26
26,26
26,26
26,26
26,24
26,26
26,26
26,26
26,26
26,26
26,26
26,26
26,26
26,26
26,26
26,26
26,26
26,26
26,26
26,26
26,26
26,26
26,4
26,26
26,26
26,26
26,28
26,26
26,24
26,24
26,26
26,26
26,26
26,26
26,26
26,26
26,26
26,26
26,26
26,26
26,30
26,26
26,26
26,26
26,26
26,26
26,26
26,26
26,26
26,26
26,26
26,26
26,26
26,26
26,26
26,26
26,26
26,26
26,26
26,35
26,26
26,26
26,26
26,26
26,26
26,26
26,26
26,26
26,26
26,26
26,26
26,26
26,26
26,28
26,26
26,26
26,26
26,26
26,26
26,26
26,26
26,26
26,26
26,26
26,26
26,26
26,26
26,26
26,26
26,26
26,26
26,26
26,26
26,26
26,26
26,26
26,23
26,14
26,26
26,26
26,26
26,26
26,26
26,26
26,26
26,26
26,26
26,26
26,26
26,26
26,26
26,26
26,7
26,26
26,26
26,26
26,26
26,26
26,26
26,26
26,26
26,26
26,26
26,26
26,26
26,7
26,26
26,26
26,26
26,26
26,26
26,27
26,26
26,26
26,26
26,26
26,26
26,26
26,26
26,26
26,26
26,26
26,26
26,26
26,26
26,26
26,26
26,26
26,26
26,26
26,7
26,26
26,26
26,26
26,26
26,26
26,26
26,26
26,26
26,8
26,26
26,26
26,26
26,26
26,26
26,26
26,26
26,26
26,26
26,26
26,26
26,16
26,26
26,26
26,26
26,26
26,26
26,26
26,26
26,26
26,26
26,26
26,26
26,26
26,26
26,26
26,26
26,26
26,26
26,26
26,26
26,26
26,26
26,26
26,26
26,26
26,24
26,26
26,26
26,26
26,24
26,26
26,26
26,26
26,26
27,25
27,27
27,27
27,27
27,27
27,27
27,27
27,27
27,27
27,6
27,27
27,27
27,27
27,27
27,27
27,27
27,27
27,27
27,27
27,27
27,21
27,27
27,27
27,24
27,27
27,13
27,27
27,27
27,27
27,27
27,27
27,27
27,27
27,27
27,27
27,27
27,27
27,27
27,27
27,27
27,27
27,27
27,27
27,27
27,27
27,27
27,30
27,27
27,27
27,27
27,27
27,27
27,27
27,27
27,27
27,27
27,27
27,27
27,27
27,27
27,27
27,27
27,27
27,27
27,27
27,27
27,27
27,27
27,27
27,27
27,27
27,27
27,27
27,27
27,27
27,27
27,27
27,27
27,27
27,27
27,27
27,27
27,27
27,27
27,27
27,27
27,27
27,27
27,12
27,27
27,6
27,27
27,27
27,27
27,27
27,27
27,27
27,27
27,27
27,31
27,27
27,27
27,20
27,27
27,27
27,27
27,27
27,27
27,27
27,27
27,27
27,4
27,23
27,27
27,27
27,27
27,5
27,27
27,27
27,27
27,27
27,27
27,27
27,27
27,27
27,27
27,22
27,27
27,27
27,27
27,27
27,27
27,27
27,33
27,27
27,5
27,27
27,27
27,27
27,27
27,27
27,27
27,29
27,27
27,27
27,27
27,27
27,31
27,27
27,27
27,27
27,27
27,27
27,27
27,27
27,27
27,27
27,30
27,4
27,27
27,27
27,12
27,27
27,27
27,27
27,27
27,27
27,27
27,31
27,27
27,27
27,27
27,27
27,27
27,27
27,27
27,27
27,27
27,27
27,25
27,27
27,27
27,31
27,31
27,27
27,31
27,31
27,31
27,27
27,27
27,27
27,27
27,27
27,27
27,27
27,27
27,27
27,27
27,27
27,27
27,27
27,27
27,27
27,27
27,27
27,27
27,27
27,27
27,27
27,27
27,27
27,27
27,27
27,27
27,27
27,31
27,27
27,27
27,27
27,27
27,27
27,27
27,31
27,27
27,27
27,27
27,27
27,27
27,27
27,27
27,27
27,27
27,27
27,6
27,27
27,27
27,27
27,5
27,27
27,27
27,27
27,27
27,27
27,27
27,5
27,27
27,24
27,27
27,27
27,27
27,27
27,27
27,27
27,27
27,27
27,27
27,27
27,27
27,27
27,27
27,25
27,27
27,27
27,27
27,27
27,27
27,27
27,27
27,27
27,27
27,27
27,27
27,27
27,27
27,27
27,27
27,27
27,27
27,27
27,27
27,27
27,27
27,27
27,27
27,27
27,27
27,27
27,27
27,27
27,27
27,27
27,27
27,27
27,27
27,27
27,27
27,27
27,27
27,27
27,27
27,27
27,27
27,27
27,27
27,27
27,4
27,27
27,27
27,27
27,27
27,27
27,27
27,27
27,27
27,27
27,27
27,27
27,27
27,27
27,32
27,27
27,27
27,27
27,27
27,27
27,27
27,31
27,27
27,27
27,27
27,27
27,27
27,27
27,27
27,6
27,27
27,27
27,27
27,27
27,27
27,27
27,27
27,27
27,27
27,27
27,27
27,27
27,27
27,27
27,27
27,27
27,27
27,27
27,27
27,27
27,27
27,27
27,27
27,27
27,27
27,27
27,27
27,27
27,27
27,27
27,31
27,27
27,4
27,27
27,27
27,27
27,27
27,11
27,27
27,27
27,27
27,27
27,27
27,27
27,27
27,27
27,27
27,6
27,27
27,27
27,27
27,27
28,28
28,32
28,28
28,28
28,29
28,28
28,18
28,1
28,28
28,28
28,28
28,28
28,28
28,28
28,28
28,28
28,28
28,28
28,28
28,28
28,7
28,28
28,28
28,8
28,28
28,23
28,28
28,28
28,13
28,28
28,28
28,28
28,28
28,28
28,28
28,28
28,7
28,23
28,35
28,28
28,28
28,28
28,28
28,28
28,28
28,28
28,28
28,28
28,28
28,29
28,28
28,29
28,29
28,28
28,30
28,28
28,28
28,28
28,28
28,28
28,29
28,28
28,28
28,28
28,28
28,28
28,28
28,30
28,30
28,28
28,28
28,30
28,28
28,28
28,28
28,30
28,11
28,28
28,28
28,28
28,28
28,30
28,30
28,30
28,30
28,28
28,28
28,28
28,28
28,28
28,28
28,28
28,29
28,11
28,11
28,28
28,28
28,28
28,28
28,28
28,29
28,28
28,28
28,28
28,28
28,28
28,28
28,7
28,29
28,28
28,28
28,28
28,28
28,13
28,7
28,28
28,23
28,10
28,28
28,28
28,28
28,28
28,28
28,28
28,28
28,28
28,28
28,28
28,8
28,28
28,24
28,28
28,28
28,28
28,28
28,11
28,28
28,28
28,28
28,7
28,28
28,10
28,22
28,28
28,28
28,11
28,28
28,10
28,28
28,12
28,28
28,28
28,28
28,28
28,12
28,28
28,28
28,28
28,28
28,8
28,30
28,28
28,28
28,28
28,28
28,29
28,28
28,16
28,18
28,28
28,30
28,28
28,28
28,23
28,21
28,28
28,28
28,28
28,28
28,28
28,28
28,28
28,28
28,28
28,12
28,22
28,28
28,28
28,11
28,28
28,28
28,28
28,28
28,28
28,28
28,28
28,28
28,28
28,28
28,18
28,28
28,28
28,28
28,30
28,28
28,28
28,28
28,28
28,28
28,30
28,30
28,28
28,28
28,28
28,28
28,30
28,18
28,7
28,28
28,28
28,28
28,29
28,28
28,28
28,29
28,28
28,28
28,28
28,28
28,28
28,28
28,30
28,28
28,28
28,28
28,29
28,29
28,28
28,28
28,6
28,28
28,7
28,28
28,25
28,29
28,28
28,28
28,28
28,28
28,28
28,29
28,28
28,28
28,28
28,28
28,28
28,28
28,28
28,28
28,28
28,28
28,28
28,28
28,28
28,28
28,28
28,28
28,28
28,28
28,28
28,28
28,28
28,30
28,28
28,28
28,28
28,29
28,28
28,28
28,28
28,4
28,28
28,28
28,28
28,13
28,11
28,28
28,29
28,28
28,29
28,28
28,28
28,6
28,28
28,28
28,29
28,28
28,28
28,28
28,28
28,28
28,28
28,28
28,28
28,28
28,28
28,23
28,28
28,28
28,30
28,2
28,28
28,28
28,28
28,28
28,28
28,28
28,28
28,28
28,28
28,28
28,30
28,28
28,2
28,28
28,28
28,30
28,28
28,28
28,8
28,28
28,28
28,28
28,26
28,6
28,28
28,28
28,18
28,28
28,28
28,28
28,22
28,28
28,28
28,28
28,28
28,28
28,28
28,30
28,28
28,12
28,30
28,28
28,28
28,28
28,28
28,28
28,28
28,28
28,28
28,28
28,28
28,28
28,28
28,28
28,28
28,28
28,8
28,28
28,18
28,12
28,30
29,11
29,29
29,29
29,29
29,29
29,4
29,29
29,29
29,28
29,29
29,29
29,28
29,29
29,28
29,13
29,29
29,7
29,29
29,29
29,29
29,35
29,28
29,29
29,29
29,29
29,28
29,29
29,29
29,28
29,29
29,27
29,29
29,29
29,29
29,29
29,29
29,29
29,29
29,29
29,29
29,29
29,29
29,28
29,29
29,28
29,29
29,29
29,24
29,29
29,29
29,28
29,30
29,29
29,29
29,30
29,29
29,29
29,29
29,28
29,16
29,29
29,28
29,29
29,29
29,29
29,30
29,29
29,29
29,29
29,29
29,29
29,28
29,28
29,28
29,29
29,29
29,29
29,30
29,29
29,29
29,28
29,29
29,29
29,29
29,29
29,29
29,30
29,29
29,29
29,29
29,29
29,29
29,29
29,29
29,29
29,29
29,29
29,29
29,29
29,30
29,29
29,18
29,29
29,12
29,29
29,28
29,4
29,29
29,29
29,29
29,29
29,28
29,19
29,29
29,29
29,29
29,29
29,29
29,29
29,29
29,29
29,28
29,13
29,29
29,29
29,29
29,29
29,28
29,29
29,29
29,29
29,7
29,29
29,28
29,29
29,25
29,7
29,29
29,29
29,29
29,29
29,29
29,4
29,32
29,30
29,29
29,29
29,29
29,29
29,29
29,29
29,30
29,29
29,7
29,28
29,28
29,29
29,29
29,29
29,29
29,29
29,29
29,29
29,29
29,29
29,28
29,34
29,30
29,29
29,29
29,35
29,29
29,29
29,28
29,29
29,29
30,2
30,30
30,30
30,30
30,30
30,30
30,12
30,30
30,29
30,11
30,30
30,30
30,30
30,30
30,30
30,30
30,30
30,30
30,30
30,6
30,30
30,30
30,30
30,30
30,30
30,30
30,28
30,30
30,30
30,30
30,30
30,30
30,30
30,30
30,30
30,30
30,32
30,30
30,30
30,30
30,30
30,30
30,30
30,30
30,30
30,30
30,29
30,30
30,30
30,30
30,11
30,12
30,30
30,30
30,30
30,30
30,30
30,30
30,28
30,28
30,28
30,30
30,30
30,30
30,30
30,30
30,4
30,28
30,30
30,30
30,6
30,30
30,24
30,30
30,30
30,30
30,30
30,30
30,30
30,30
30,30
30,24
30,30
30,30
30,30
30,30
30,30
30,30
30,30
30,30
30,30
30,30
30,30
30,30
30,30
30,30
30,30
30,30
30,29
30,30
30,30
30,30
30,30
30,30
30,9
30,30
30,30
30,30
30,30
30,30
30,28
30,30
30,30
30,30
30,30
30,30
30,30
30,30
30,30
30,35
30,30
30,22
30,30
30,30
30,30
30,30
30,30
30,30
30,30
30,30
30,30
30,30
30,28
30,30
30,30
30,30
30,30
30,30
30,30
30,30
30,30
30,30
30,30
30,30
30,30
30,12
30,30
30,12
30,12
30,30
30,30
30,5
30,30
30,30
30,30
30,30
30,12
30,30
30,29
30,30
30,28
30,30
30,35
30,30
30,30
30,30
30,30
30,30
30,30
30,30
30,30
30,7
30,30
30,35
30,25
30,30
30,30
30,30
30,28
30,30
30,30
30,28
30,30
30,30
30,30
30,30
30,28
30,30
30,30
30,30
30,35
30,35
30,30
30,30
30,19
30,30
30,29
30,30
30,30
30,30
30,30
30,28
30,30
30,30
30,34
30,30
30,30
30,35
30,30
30,30
30,30
30,28
30,30
30,30
30,30
30,30
30,30
30,30
30,30
30,30
30,30
30,30
30,30
30,30
30,30
30,30
30,0
30,30
30,30
30,31
30,30
30,30
30,30
30,30
30,30
30,30
30,30
30,30
30,30
30,30
30,28
30,30
30,35
30,29
30,30
30,30
30,30
30,30
30,30
30,30
30,30
30,28
30,30
30,35
30,35
30,30
30,30
30,30
30,30
30,11
30,30
30,30
30,30
30,7
30,29
30,35
30,30
30,31
30,30
30,30
30,30
30,28
30,30
30,25
30,30
30,30
30,7
30,35
30,30
30,30
30,30
30,30
30,30
30,30
30,27
30,30
30,30
30,30
30,30
30,30
30,6
30,30
30,35
30,30
30,30
30,30
30,30
30,30
30,30
30,30
30,30
30,30
30,30
30,30
30,30
30,30
30,2
30,30
30,30
30,30
30,30
30,12
30,30
30,30
30,30
30,30
30,30
30,30
30,30
30,29
30,30
30,30
30,30
30,30
30,18
30,30
30,21
30,30
30,30
30,30
30,30
30,30
30,24
30,30
30,30
30,30
30,30
30,30
30,30
30,30
30,30
30,30
30,30
30,30
30,30
30,30
30,30
30,30
30,30
30,28
30,30
30,30
30,30
30,30
30,30
30,30
30,30
30,30
30,30
30,30
30,30
30,30
30,30
30,35
30,30
30,28
30,30
30,30
30,30
30,30
30,30
30,30
30,30
30,30
30,30
30,30
30,30
30,25
30,24
30,30
30,19
30,30
30,30
30,30
30,30
30,30
30,30
30,30
31,31
31,20
31,31
31,31
31,31
31,23
31,31
31,4
31,31
31,4
31,31
31,21
31,3
31,31
31,31
31,31
31,20
31,31
31,31
31,31
31,31
31,31
31,31
31,31
31,31
31,31
31,31
31,31
31,4
31,23
31,31
31,26
31,13
31,31
31,31
31,31
31,31
31,31
31,31
31,31
31,31
31,31
31,31
31,31
31,31
31,31
31,31
31,31
31,31
31,16
31,31
31,31
31,31
31,24
31,20
31,23
31,11
31,31
31,31
31,31
31,20
31,35
31,31
31,24
31,31
31,28
31,17
31,31
31,20
31,31
31,31
31,31
31,31
31,31
31,31
31,31
31,22
31,31
31,31
31,31
31,31
31,31
31,31
31,31
31,31
31,31
31,31
31,31
31,31
31,31
31,31
31,7
31,31
31,31
31,31
31,31
31,31
31,31
31,31
31,31
31,20
31,31
31,20
31,31
31,13
31,20
31,31
31,31
31,21
31,31
31,31
31,31
31,6
31,31
31,31
31,31
31,31
31,31
31,31
31,27
31,31
31,31
31,31
31,31
31,31
31,31
31,31
31,14
31,31
31,31
31,13
31,31
31,31
31,16
31,31
31,31
31,31
31,31
31,7
31,31
31,31
31,31
31,31
31,31
31,5
31,4
31,12
31,31
31,3
31,31
31,31
31,31
31,12
31,31
31,31
31,31
31,31
31,31
31,31
31,31
31,31
31,13
31,31
31,20
31,31
31,31
31,31
31,31
31,31
31,4
31,31
31,31
31,33
31,31
31,27
31,31
31,31
31,31
31,31
31,13
31,21
31,31
31,5
31,4
31,12
31,31
31,31
31,31
31,31
31,7
31,16
31,31
31,31
31,31
31,31
31,31
31,31
31,12
31,31
31,31
31,31
31,31
31,31
31,35
31,1
31,31
31,31
31,21
31,31
31,31
31,31
31,31
31,31
31,31
31,31
31,10
31,31
31,31
31,31
31,31
31,31
31,31
31,23
31,20
31,31
31,31
31,8
31,31
31,31
31,20
31,31
31,31
31,31
31,31
31,31
31,31
31,31
31,31
31,31
31,31
31,31
31,31
31,31
31,31
31,31
31,31
31,31
31,31
31,31
31,12
31,31
31,31
31,31
31,31
31,31
31,31
31,31
31,20
31,12
31,31
31,31
31,12
31,31
31,31
31,31
31,31
31,31
31,16
31,31
31,31
31,20
31,31
31,31
31,31
31,16
31,31
31,31
31,31
31,31
31,23
31,31
31,4
31,31
31,31
31,21
31,24
31,31
31,31
31,31
31,31
31,31
31,31
31,31
31,30
31,31
31,31
31,31
31,31
31,31
31,31
31,31
31,31
31,31
31,31
31,31
31,31
31,31
31,23
31,31
31,31
31,31
31,31
31,31
31,31
31,31
31,31
31,31
31,31
31,31
31,27
31,31
31,31
31,31
31,16
31,31
31,33
31,31
31,31
31,31
31,21
31,31
31,31
31,31
31,31
31,1
31,31
31,20
31,31
31,31
31,31
31,20
31,31
31,31
31,31
31,26
31,31
31,31
31,31
31,8
31,21
31,20
31,31
31,31
31,31
31,31
31,16
31,31
31,31
31,31
31,31
31,31
31,5
31,31
31,31
31,20
31,31
31,31
31,31
31,31
31,31
31,31
31,16
32,32
32,6
32,32
32,32
32,32
32,32
32,32
32,35
32,32
32,32
32,32
32,32
32,32
32,32
32,32
32,32
32,32
32,32
32,32
32,18
32,31
32,32
32,32
32,32
32,32
32,32
32,6
32,32
32,32
32,23
32,32
32,32
32,32
32,32
32,32
32,32
32,25
32,32
32,32
32,32
32,32
32,32
32,32
32,32
32,32
32,32
32,32
32,32
32,32
32,32
32,32
32,34
32,12
32,32
32,32
32,32
32,32
32,3
32,32
32,2
32,32
32,32
32,32
32,32
32,32
32,32
32,32
32,32
32,32
32,32
32,10
32,32
32,32
32,32
32,32
32,32
32,32
32,32
32,32
32,32
32,32
32,32
32,32
32,2
32,32
32,32
32,32
32,32
32,32
32,32
32,19
32,32
32,32
32,14
32,32
32,32
32,32
32,32
32,32
32,32
32,32
32,32
32,32
32,32
32,32
32,32
32,32
32,32
32,32
32,32
32,32
32,32
32,32
32,32
32,32
32,32
32,32
32,32
32,32
32,24
32,32
32,6
32,32
32,32
32,32
32,32
32,32
32,32
32,32
32,32
32,32
32,32
32,32
32,32
32,32
32,2
32,32
32,32
32,32
32,32
32,32
32,32
32,32
32,35
32,32
32,32
32,32
32,32
32,32
32,32
32,32
32,32
32,32
32,32
32,32
32,32
32,32
32,32
32,32
33,33
33,33
33,33
33,33
33,33
33,33
33,33
33,6
33,33
33,22
33,19
33,33
33,33
33,19
33,33
33,19
33,33
33,33
33,33
33,33
33,33
33,33
33,33
33,19
33,33
33,16
33,33
33,33
33,33
33,20
33,33
33,22
33,33
33,33
33,26
33,33
33,17
33,33
33,33
33,33
33,19
33,33
33,23
33,33
33,33
33,33
33,33
33,33
33,33
33,33
33,33
33,33
33,33
33,33
33,33
33,33
33,33
33,5
33,33
33,33
33,22
33,17
33,19
33,33
33,33
33,19
33,6
33,33
33,33
33,18
33,6
33,8
33,18
33,33
33,33
33,22
33,33
33,6
33,33
33,6
33,33
33,18
33,23
33,33
33,33
33,1
33,33
33,33
33,2
33,33
33,11
33,33
33,33
33,23
33,33
33,19
33,33
33,28
33,33
33,33
33,33
33,17
33,33
33,18
33,33
33,33
33,33
33,33
33,33
33,33
33,15
33,33
33,33
33,33
33,33
33,33
33,12
33,12
33,19
33,33
33,16
33,33
33,33
33,33
33,33
33,22
33,33
33,12
33,33
33,15
33,22
33,12
33,33
33,33
33,19
33,33
33,33
33,33
33,33
33,21
33,33
33,11
33,33
33,33
33,19
33,33
33,33
33,33
33,33
33,22
33,5
33,17
33,33
33,33
33,33
33,33
33,22
33,33
33,22
33,33
33,33
33,33
33,33
33,33
33,12
33,33
33,33
33,6
33,12
33,17
33,33
33,33
33,33
33,33
33,18
33,33
33,33
33,33
33,33
33,33
33,33
33,8
33,33
33,8
33,33
33,33
33,33
33,15
33,33
33,18
33,33
33,20
33,33
33,33
33,33
33,33
33,33
33,33
33,19
33,33
33,32
33,33
33,33
33,21
33,33
33,33
33,33
33,18
33,33
33,18
33,33
33,33
33,33
34,34
34,34
34,34
34,34
34,34
34,12
34,16
34,34
34,34
34,20
34,34
34,34
34,34
34,34
34,34
34,34
34,34
34,34
34,34
34,34
34,34
34,34
34,34
34,7
34,34
34,34
34,34
34,34
34,34
34,34
34,34
34,34
34,34
34,34
34,34
34,34
34,34
34,34
34,34
34,16
34,34
34,34
34,34
34,34
34,34
34,34
34,34
34,34
34,34
34,34
34,34
34,34
34,34
34,34
34,34
34,34
34,34
34,34
34,34
34,34
34,34
34,34
34,34
34,34
34,34
34,34
34,34
34,34
34,34
34,34
34,34
34,34
34,34
34,34
34,34
34,34
34,34
34,34
34,34
34,34
34,34
34,34
34,30
34,32
34,2
34,16
34,34
34,34
34,34
34,34
34,34
34,34
34,34
34,34
34,34
34,34
34,34
34,34
34,16
34,34
34,34
34,34
34,34
34,34
34,16
34,34
34,34
34,34
34,34
34,34
34,34
34,34
34,34
34,34
34,34
34,34
34,34
34,34
34,34
34,34
34,34
34,34
34,34
34,34
34,34
34,34
34,34
34,7
34,34
34,34
34,34
34,16
34,34
34,34
34,34
34,20
34,23
34,34
34,34
34,16
34,34
34,34
34,34
34,34
34,34
34,34
34,34
34,34
34,34
34,34
34,34
34,34
34,34
34,34
34,34
34,34
34,34
34,34
34,34
34,34
34,34
34,19
34,34
34,34
34,18
34,34
34,34
34,34
34,34
34,34
34,34
34,16
34,16
34,34
34,34
34,34
34,34
34,34
34,34
34,34
34,34
34,34
34,4
34,34
34,34
34,34
34,34
34,14
34,34
34,34
34,34
34,34
34,34
34,34
34,34
34,34
34,34
34,34
34,34
34,34
34,16
34,26
34,34
34,34
34,34
34,34
34,34
34,34
34,34
34,34
34,34
34,34
34,34
34,34
34,34
34,34
34,34
34,34
34,34
34,34
34,34
34,34
34,34
34,34
34,34
34,34
34,34
34,34
34,26
34,34
34,34
34,34
34,34
34,34
34,34
34,34
34,34
34,34
34,16
34,34
34,34
34,34
34,34
34,34
34,34
34,34
34,34
34,34
34,34
34,34
34,34
34,34
34,34
34,27
34,34
34,16
34,34
34,34
34,34
34,34
34,34
34,34
34,34
34,34
34,34
34,34
34,34
34,34
34,34
34,16
34,34
34,34
34,34
34,7
34,34
34,22
34,34
34,34
34,34
34,34
34,34
34,34
34,34
34,34
34,34
34,34
34,34
34,34
34,23
34,34
34,34
34,34
34,34
34,34
34,16
34,34
34,34
34,34
34,34
34,34
34,34
34,34
34,34
34,34
34,2
34,23
34,34
34,4
34,34
34,34
34,34
34,34
34,34
34,1
34,34
34,34
34,34
34,34
34,34
34,34
34,34
34,34
34,2
34,34
34,34
34,34
34,34
34,34
34,34
34,34
34,34
34,34
34,34
34,34
34,34
34,34
34,34
34,34
34,16
34,34
34,16
34,34
34,16
34,34
34,34
34,34
34,34
34,34
34,34
34,34
34,34
34,34
34,34
34,34
34,34
34,34
34,34
34,34
34,34
34,34
34,34
34,34
34,16
34,34
34,34
34,34
34,34
34,34
34,34
34,15
34,34
34,34
34,35
34,34
34,34
34,34
34,16
34,34
34,16
34,34
34,34
34,11
34,34
34,34
34,34
34,34
34,34
34,34
34,34
34,34
34,34
34,34
34,34
34,34
34,34
34,34
34,34
34,34
34,34
34,34
34,34
34,34
34,34
34,34
35,35
35,35
35,35
35,35
35,35
35,35
35,35
35,35
35,35
35,35
35,35
35,24
35,23
35,35
35,35
35,35
35,35
35,30
35,35
35,35
35,24
35,35
35,35
35,2
35,2
35,35
35,35
35,35
35,35
35,35
35,35
35,24
35,35
35,35
35,35
35,35
35,30
35,35
35,35
35,26
35,26
35,35
35,35
35,35
35,22
35,35
35,35
35,35
35,35
35,35
35,35
35,35
35,35
35,35
35,35
35,35
35,18
35,35
35,35
35,35
35,35
35,35
35,35
35,35
35,35
35,35
35,35
35,35
35,6
35,35
35,35
35,35
35,35
35,30
35,35
35,28
35,11
35,35
35,35
35,35
35,35
35,35
35,32
35,35
35,35
35,35
35,35
35,35
35,32
35,35
35,35
35,35
35,35
35,35
35,35
35,35
35,35
35,35
35,35
35,35
35,28
35,35
35,35
35,35
35,35
35,35
35,35
35,30
35,30
35,35
35,35
35,35
35,35
35,35
35,35
35,35
35,24
35,35
35,35
35,35
35,35
35,35
35,35
35,35
35,35
35,35
35,7
35,35
35,3
35,35
35,35
35,35
35,35
35,35
35,35
35,35
35,25
35,35
35,35
35,25
35,35
35,35
35,35
35,35
35,35
35,35
35,35
35,35
35,35
35,24
35,35
35,35
35,30
35,35
35,34
35,35
35,24
35,35
35,35
35,35
35,35
35,35
35,35
35,35
35,35
35,35
35,9
35,35
35,35
35,35
35,35
35,35
35,35
35,35
35,25
35,35
35,35
35,35
35,35
35,35
35,35
35,35
35,35
35,35
35,35
35,35
35,35
35,35
35,35
35,19
35,12
35,35
35,35
35,35
35,35
35,35
35,35
35,35
35,35
35,35
35,35
35,35
35,35
35,35
35,35
35,35
35,12
35,35
35,35
35,35
35,35
35,35
35,35
35,28
35,35
35,35
35,35
35,35
35,25
35,35
35,35
35,35
35,35
35,35
35,35
35,35
35,35
35,35
35,35
35,35
35,35
35,11
35,30
35,35
35,35
35,35
35,35
35,30
35,35
35,35
35,35
35,35
35,35
35,35
35,35
35,35
35,35
35,35
35,11
35,35
35,35
35,35
35,35
35,35
35,24
35,35
35,35
35,19
35,35
35,35
35,30
35,35
35,26
35,35
35,35
35,35
35,35
35,25
35,35
35,35
35,35
35,6
35,35
35,35
35,35
35,35
35,34
35,35
35,24
35,11
35,35
35,35
35,35
35,35
35,32
35,35
35,32
35,35
35,35
35,32
35,30
35,35
35,35
35,35
35,35
35,35
35,31
35,24
35,24
35,35
35,35
35,35
35,35
35,35
35,35
35,35
35,35
35,35
35,24
35,35
35,35
35,35
35,35
35,35
35,35
35,35
35,35
35,35
35,2
35,35
35,11
35,35
35,35
35,35
35,35
35,35
35,35
35,35
35,35
35,35
35,35
35,30
35,32
35,35
35,35
35,35
35,35
35,35
35,35
35,35
35,35
35,35
35,35
35,35
35,35
35,35
35,35
35,35
35,35
35,35
35,34
35,35
35,35
35,35
35,22
35,35
35,28
35,35
35,32
35,35
35,30
35,35
35,35
35,30
35,35
35,35
35,35
35,35
35,32
35,35
35,35
35,35
35,35
35,35
35,35
35,35
35,35
35,35
35,35
35,35
35,35
35,35
35,35
35,35
35,35
35,35
35,35
35,35
35,35
35,35
35,35
35,35
35,35
35,35
35,35
35,35
35,35
35,35
35,35
35,35
35,35
35,18
35,35
35,35
35,35
